id,title,category,createtime,completetime,complete,user_id
138,eat,art,2022-08-05 08:21:48.710226,2022-08-06 00:18:38.249032,True,4
139,get dressed,programming,2022-08-05 13:09:48.710226,2022-08-06 19:51:42.797525,True,4
140,drink coffee,sport,2022-08-05 17:57:48.710226,2022-08-06 09:34:04.428416,True,5
141,go for a walk,sport,2022-08-05 22:45:48.710226,2022-08-07 08:06:03.259198,True,4
142,buy pants,art,2022-08-06 03:33:48.710226,2022-08-07 12:45:14.163160,True,1
143,nap,programming,2022-08-06 08:21:48.710226,2022-08-07 05:30:46.390266,True,5
144,sleep,sport,2022-08-06 13:09:48.710226,2022-08-07 02:12:56.623139,True,2
145,lay in bed,programming,2022-08-06 17:57:48.710226,2022-08-07 08:13:56.328377,True,4
146,sleep,sport,2022-08-06 22:45:48.710226,2022-08-08 04:35:52.326089,True,4
147,get dressed,programming,2022-08-07 03:33:48.710226,2022-08-08 08:35:52.825420,True,4
148,sleep,sport,2022-08-07 08:21:48.710226,2022-08-08 14:03:39.484399,True,1
149,sleep,art,2022-08-07 13:09:48.710226,2022-08-08 16:29:06.416714,True,4
150,count leaves of trees,art,2022-08-07 17:57:48.710226,2022-08-08 09:53:27.869539,True,2
151,count sand on the beach,art,2022-08-07 22:45:48.710226,2022-08-08 16:56:39.939890,True,1
152,count leaves of trees,art,2022-08-08 03:33:48.710226,2022-08-08 19:35:11.612942,True,3
153,go for a walk,programming,2022-08-08 08:21:48.710226,2022-08-09 14:37:34.154155,True,2
154,count sand on the beach,sport,2022-08-08 13:09:48.710226,2022-08-09 21:11:53.127931,True,3
155,produce shitty code,programming,2022-08-08 17:57:48.710226,2022-08-09 17:41:46.918103,True,2
156,lay in bed,sport,2022-08-08 22:45:48.710226,2022-08-10 06:14:05.154715,True,5
157,count leaves of trees,programming,2022-08-09 03:33:48.710226,2022-08-09 21:30:36.938236,True,3
158,drink coffee,art,2022-08-09 08:21:48.710226,2022-08-10 07:09:35.151990,True,1
159,lay in bed,art,2022-08-09 13:09:48.710226,2022-08-11 00:44:30.442255,True,1
160,brush your teeth,art,2022-08-09 17:57:48.710226,2022-08-10 20:42:58.502945,True,5
161,brush your teeth,programming,2022-08-09 22:45:48.710226,2022-08-10 14:14:51.928873,True,2
162,nap,programming,2022-08-10 03:33:48.710226,2022-08-11 09:17:00.751712,True,5
163,produce shitty code,programming,2022-08-10 08:21:48.710226,2022-08-10 21:32:02.863441,True,2
164,count sand on the beach,sport,2022-08-10 13:09:48.710226,2022-08-11 18:35:02.902369,True,3
165,count sand on the beach,art,2022-08-10 17:57:48.710226,2022-08-12 02:34:36.747385,True,3
166,produce shitty code,programming,2022-08-10 22:45:48.710226,2022-08-12 10:42:06.449625,True,5
167,sleep,art,2022-08-11 03:33:48.710226,2022-08-11 20:48:47.669180,True,3
168,nap,sport,2022-08-11 08:21:48.710226,2022-08-12 14:48:46.181156,True,3
169,brush your teeth,art,2022-08-11 13:09:48.710226,2022-08-12 05:11:26.900990,True,1
170,produce shitty code,art,2022-08-11 17:57:48.710226,2022-08-12 11:50:35.330353,True,5
171,sleep,sport,2022-08-11 22:45:48.710226,2022-08-13 05:03:30.134667,True,5
172,drink coffee,programming,2022-08-12 03:33:48.710226,2022-08-13 03:10:40.019552,True,3
173,brush your teeth,sport,2022-08-12 08:21:48.710226,2022-08-13 17:41:45.952730,True,5
174,nap,art,2022-08-12 13:09:48.710226,2022-08-13 09:43:09.734024,True,1
175,count leaves of trees,art,2022-08-12 17:57:48.710226,2022-08-14 02:25:38.930167,True,5
176,drink coffee,programming,2022-08-12 22:45:48.710226,2022-08-13 18:12:13.193578,True,5
177,get dressed,art,2022-08-13 03:33:48.710226,2022-08-14 12:34:00.456125,True,1
178,count leaves of trees,art,2022-08-13 08:21:48.710226,2022-08-14 15:12:35.748827,True,2
179,brush your teeth,programming,2022-08-13 13:09:48.710226,2022-08-14 19:17:17.358233,True,4
180,sleep,sport,2022-08-13 17:57:48.710226,2022-08-14 19:54:31.369283,True,1
181,produce shitty code,art,2022-08-13 22:45:48.710226,2022-08-14 18:48:26.545863,True,1
182,buy socks,sport,2022-08-14 03:33:48.710226,2022-08-15 11:00:32.314188,True,2
183,buy socks,sport,2022-08-14 08:21:48.710226,2022-08-15 03:39:01.971376,True,5
184,count sand on the beach,programming,2022-08-14 13:09:48.710226,2022-08-15 06:07:18.933183,True,3
185,drink coffee,sport,2022-08-14 17:57:48.710226,2022-08-15 16:25:13.487392,True,2
186,count sand on the beach,sport,2022-08-14 22:45:48.710226,2022-08-15 15:31:27.397186,True,3
187,count sand on the beach,sport,2022-08-15 03:33:48.710226,2022-08-16 07:29:06.638370,True,2
188,go for a walk,programming,2022-08-15 08:21:48.710226,2022-08-16 12:56:31.697812,True,1
189,sleep,programming,2022-08-15 13:09:48.710226,2022-08-16 09:42:24.164728,True,2
190,nap,sport,2022-08-15 17:57:48.710226,2022-08-17 03:55:02.692940,True,3
191,get dressed,art,2022-08-15 22:45:48.710226,2022-08-16 17:09:50.872141,True,2
192,lay in bed,art,2022-08-16 03:33:48.710226,2022-08-16 19:06:03.595240,True,2
193,count leaves of trees,art,2022-08-16 08:21:48.710226,2022-08-17 18:43:50.588731,True,2
194,eat,programming,2022-08-16 13:09:48.710226,2022-08-17 14:51:57.259438,True,4
195,eat,programming,2022-08-16 17:57:48.710226,2022-08-18 01:25:36.906383,True,2
196,go for a walk,sport,2022-08-16 22:45:48.710226,2022-08-17 12:44:40.231037,True,2
197,go for a walk,sport,2022-08-17 03:33:48.710226,2022-08-17 22:10:52.461699,True,3
198,brush your teeth,art,2022-08-17 08:21:48.710226,2022-08-18 19:41:05.180000,True,3
199,buy socks,programming,2022-08-17 13:09:48.710226,2022-08-18 11:14:08.549414,True,2
200,eat,sport,2022-08-17 17:57:48.710226,2022-08-18 09:39:56.577926,True,5
201,drink coffee,art,2022-08-17 22:45:48.710226,2022-08-18 19:40:39.400901,True,3
202,go for a walk,programming,2022-08-18 03:33:48.710226,2022-08-18 18:52:06.824452,True,5
203,go for a walk,art,2022-08-18 08:21:48.710226,2022-08-19 12:03:28.648801,True,2
204,drink coffee,programming,2022-08-18 13:09:48.710226,2022-08-19 04:00:14.391380,True,5
205,produce shitty code,sport,2022-08-18 17:57:48.710226,2022-08-20 05:04:13.352630,True,1
206,buy socks,programming,2022-08-18 22:45:48.710226,2022-08-19 14:03:56.639388,True,4
207,produce shitty code,programming,2022-08-19 03:33:48.710226,2022-08-20 08:24:42.398067,True,1
208,brush your teeth,art,2022-08-19 08:21:48.710226,2022-08-20 11:07:19.827615,True,2
209,lay in bed,sport,2022-08-19 13:09:48.710226,2022-08-21 00:09:56.381974,True,5
210,count sand on the beach,art,2022-08-19 17:57:48.710226,2022-08-20 15:06:38.462460,True,5
211,sleep,sport,2022-08-19 22:45:48.710226,2022-08-20 22:26:07.568055,True,1
212,go for a walk,programming,2022-08-20 03:33:48.710226,2022-08-21 08:11:59.250028,True,1
213,eat,programming,2022-08-20 08:21:48.710226,2022-08-21 08:01:00.343573,True,1
214,nap,programming,2022-08-20 13:09:48.710226,2022-08-22 00:34:42.943012,True,1
215,produce shitty code,programming,2022-08-20 17:57:48.710226,2022-08-21 15:07:17.045102,True,2
216,count leaves of trees,programming,2022-08-20 22:45:48.710226,2022-08-21 22:28:50.090778,True,5
217,eat,art,2022-08-21 03:33:48.710226,2022-08-21 18:53:44.052849,True,4
218,get dressed,programming,2022-08-21 08:21:48.710226,2022-08-21 21:58:02.782396,True,3
219,count sand on the beach,programming,2022-08-21 13:09:48.710226,2022-08-22 19:40:30.377958,True,4
220,nap,programming,2022-08-21 17:57:48.710226,2022-08-22 08:01:36.050482,True,3
221,buy pants,sport,2022-08-21 22:45:48.710226,2022-08-23 02:27:44.193909,True,4
222,buy pants,art,2022-08-22 03:33:48.710226,2022-08-23 06:47:14.830184,True,3
223,drink coffee,programming,2022-08-22 08:21:48.710226,2022-08-23 00:44:33.499031,True,2
224,buy socks,art,2022-08-22 13:09:48.710226,2022-08-23 06:26:59.703915,True,3
225,brush your teeth,programming,2022-08-22 17:57:48.710226,2022-08-24 03:56:59.137905,True,1
226,count sand on the beach,programming,2022-08-22 22:45:48.710226,2022-08-23 15:21:58.484620,True,3
227,count sand on the beach,programming,2022-08-23 03:33:48.710226,2022-08-24 13:53:39.733104,True,3
228,lay in bed,sport,2022-08-23 08:21:48.710226,2022-08-24 15:17:22.541344,True,3
229,nap,programming,2022-08-23 13:09:48.710226,2022-08-24 15:11:58.207349,True,5
230,sleep,art,2022-08-23 17:57:48.710226,2022-08-24 13:06:27.623045,True,2
231,drink coffee,art,2022-08-23 22:45:48.710226,2022-08-25 00:31:56.373777,True,2
232,get dressed,sport,2022-08-24 03:33:48.710226,2022-08-24 23:22:13.151264,True,4
233,eat,programming,2022-08-24 08:21:48.710226,2022-08-25 00:08:54.548436,True,2
234,eat,sport,2022-08-24 13:09:48.710226,2022-08-25 10:32:02.346930,True,5
235,get dressed,art,2022-08-24 17:57:48.710226,2022-08-25 16:35:10.814054,True,1
236,drink coffee,programming,2022-08-24 22:45:48.710226,2022-08-25 12:04:51.215650,True,5
237,drink coffee,sport,2022-08-25 03:33:48.710226,2022-08-26 02:43:15.365753,True,3
238,produce shitty code,art,2022-08-25 08:21:48.710226,2022-08-26 18:09:31.076767,True,5
239,get dressed,art,2022-08-25 13:09:48.710226,2022-08-26 16:55:33.167447,True,5
240,drink coffee,art,2022-08-25 17:57:48.710226,2022-08-26 06:15:21.168142,True,2
241,nap,programming,2022-08-25 22:45:48.710226,2022-08-27 01:52:15.288872,True,2
242,nap,sport,2022-08-26 03:33:48.710226,2022-08-27 09:02:03.406131,True,1
243,eat,art,2022-08-26 08:21:48.710226,2022-08-27 03:45:49.055805,True,1
244,eat,programming,2022-08-26 13:09:48.710226,2022-08-27 09:00:52.520988,True,1
245,buy pants,programming,2022-08-26 17:57:48.710226,2022-08-27 08:26:09.038652,True,4
246,brush your teeth,sport,2022-08-26 22:45:48.710226,2022-08-28 03:14:07.657240,True,1
247,count leaves of trees,sport,2022-08-27 03:33:48.710226,2022-08-27 20:33:54.362661,True,4
248,buy pants,programming,2022-08-27 08:21:48.710226,2022-08-28 17:26:14.358631,True,2
249,count sand on the beach,programming,2022-08-27 13:09:48.710226,2022-08-28 06:50:20.036500,True,2
250,buy pants,sport,2022-08-27 17:57:48.710226,2022-08-29 00:57:25.417863,True,4
251,buy pants,sport,2022-08-27 22:45:48.710226,2022-08-28 19:04:14.365543,True,1
252,eat,art,2022-08-28 03:33:48.710226,2022-08-28 21:23:27.317180,True,1
253,drink coffee,art,2022-08-28 08:21:48.710226,2022-08-29 19:27:29.433892,True,4
254,nap,sport,2022-08-28 13:09:48.710226,2022-08-29 17:10:52.374027,True,4
255,count sand on the beach,art,2022-08-28 17:57:48.710226,2022-08-29 19:40:33.443581,True,5
256,count leaves of trees,art,2022-08-28 22:45:48.710226,2022-08-29 12:50:40.978747,True,3
257,brush your teeth,programming,2022-08-29 03:33:48.710226,2022-08-29 16:11:32.887211,True,4
258,count leaves of trees,art,2022-08-29 08:21:48.710226,2022-08-30 10:45:35.874859,True,2
259,sleep,sport,2022-08-29 13:09:48.710226,2022-08-30 11:04:43.265737,True,5
260,buy pants,sport,2022-08-29 17:57:48.710226,2022-08-30 15:18:57.384734,True,3
261,go for a walk,programming,2022-08-29 22:45:48.710226,2022-08-30 22:52:23.095675,True,4
262,count leaves of trees,sport,2022-08-30 03:33:48.710226,2022-08-31 01:13:32.236345,True,3
263,sleep,art,2022-08-30 08:21:48.710226,2022-08-31 17:15:46.110196,True,5
264,count sand on the beach,sport,2022-08-30 13:09:48.710226,2022-08-31 02:33:01.769216,True,5
265,buy socks,sport,2022-08-30 17:57:48.710226,2022-09-01 05:02:57.782252,True,1
266,nap,programming,2022-08-30 22:45:48.710226,2022-09-01 08:48:15.103036,True,5
267,eat,sport,2022-08-31 03:33:48.710226,2022-08-31 20:51:27.519012,True,1
268,count sand on the beach,art,2022-08-31 08:21:48.710226,2022-08-31 21:51:50.847600,True,3
269,lay in bed,programming,2022-08-31 13:09:48.710226,2022-09-01 22:41:33.782844,True,4
270,buy socks,sport,2022-08-31 17:57:48.710226,2022-09-01 11:39:39.727179,True,3
271,buy pants,programming,2022-08-31 22:45:48.710226,2022-09-02 02:14:48.928285,True,1
272,brush your teeth,sport,2022-09-01 03:33:48.710226,2022-09-02 04:59:06.484816,True,3
273,brush your teeth,art,2022-09-01 08:21:48.710226,2022-09-02 06:59:57.886547,True,5
274,lay in bed,art,2022-09-01 13:09:48.710226,2022-09-02 10:15:33.952814,True,4
275,eat,art,2022-09-01 17:57:48.710226,2022-09-03 03:52:47.013443,True,5
276,lay in bed,sport,2022-09-01 22:45:48.710226,2022-09-02 15:17:54.449428,True,5
277,buy socks,programming,2022-09-02 03:33:48.710226,2022-09-03 02:08:28.164256,True,4
278,produce shitty code,art,2022-09-02 08:21:48.710226,2022-09-03 05:29:00.402642,True,3
279,nap,programming,2022-09-02 13:09:48.710226,2022-09-03 16:25:37.991193,True,5
280,produce shitty code,sport,2022-09-02 17:57:48.710226,2022-09-03 13:19:35.492355,True,4
281,produce shitty code,sport,2022-09-02 22:45:48.710226,2022-09-04 09:36:10.124463,True,5
282,go for a walk,art,2022-09-03 03:33:48.710226,2022-09-04 15:22:29.265764,True,5
283,count sand on the beach,sport,2022-09-03 08:21:48.710226,2022-09-04 09:52:39.490455,True,5
284,count sand on the beach,art,2022-09-03 13:09:48.710226,2022-09-04 17:19:41.405763,True,4
285,produce shitty code,art,2022-09-03 17:57:48.710226,2022-09-04 13:45:52.411147,True,1
286,get dressed,programming,2022-09-03 22:45:48.710226,2022-09-05 10:12:11.524697,True,5
287,count leaves of trees,sport,2022-09-04 03:33:48.710226,2022-09-05 08:57:41.604624,True,3
288,eat,programming,2022-09-04 08:21:48.710226,2022-09-04 21:52:46.706725,True,4
289,go for a walk,sport,2022-09-04 13:09:48.710226,2022-09-05 19:17:18.530891,True,4
290,count leaves of trees,art,2022-09-04 17:57:48.710226,2022-09-06 01:42:13.203793,True,1
291,lay in bed,sport,2022-09-04 22:45:48.710226,2022-09-06 08:15:32.905806,True,2
292,nap,sport,2022-09-05 03:33:48.710226,2022-09-05 19:09:30.233186,True,3
293,buy pants,sport,2022-09-05 08:21:48.710226,2022-09-06 08:08:44.808593,True,5
294,buy socks,sport,2022-09-05 13:09:48.710226,2022-09-06 15:32:09.480309,True,2
295,nap,sport,2022-09-05 17:57:48.710226,2022-09-06 12:49:52.046836,True,4
296,brush your teeth,art,2022-09-05 22:45:48.710226,2022-09-06 17:09:41.358201,True,2
297,buy socks,sport,2022-09-06 03:33:48.710226,2022-09-06 17:36:39.148582,True,4
298,get dressed,art,2022-09-06 08:21:48.710226,2022-09-07 02:37:12.537752,True,1
299,nap,sport,2022-09-06 13:09:48.710226,2022-09-07 12:05:07.400355,True,1
300,lay in bed,art,2022-09-06 17:57:48.710226,2022-09-07 18:28:38.483639,True,3
301,get dressed,sport,2022-09-06 22:45:48.710226,2022-09-07 14:50:37.663435,True,4
302,buy pants,sport,2022-09-07 03:33:48.710226,2022-09-08 09:25:03.355773,True,4
303,buy pants,art,2022-09-07 08:21:48.710226,2022-09-08 16:06:33.703776,True,1
304,get dressed,programming,2022-09-07 13:09:48.710226,2022-09-08 15:47:10.368409,True,2
305,nap,sport,2022-09-07 17:57:48.710226,2022-09-08 09:42:12.976168,True,5
306,count leaves of trees,sport,2022-09-07 22:45:48.710226,2022-09-08 22:47:08.356700,True,5
307,eat,programming,2022-09-08 03:33:48.710226,2022-09-09 10:30:19.111848,True,3
308,count sand on the beach,sport,2022-09-08 08:21:48.710226,2022-09-08 21:37:06.611320,True,2
309,drink coffee,sport,2022-09-08 13:09:48.710226,2022-09-09 23:17:55.826081,True,3
310,drink coffee,programming,2022-09-08 17:57:48.710226,2022-09-10 02:34:07.544778,True,5
311,sleep,sport,2022-09-08 22:45:48.710226,2022-09-09 16:26:41.659746,True,5
312,buy pants,sport,2022-09-09 03:33:48.710226,2022-09-10 08:45:44.171008,True,5
313,drink coffee,art,2022-09-09 08:21:48.710226,2022-09-09 21:38:41.670096,True,2
314,get dressed,art,2022-09-09 13:09:48.710226,2022-09-10 20:12:41.280770,True,2
315,produce shitty code,art,2022-09-09 17:57:48.710226,2022-09-10 14:52:33.727352,True,4
316,count sand on the beach,sport,2022-09-09 22:45:48.710226,2022-09-11 01:51:20.082936,True,4
317,sleep,sport,2022-09-10 03:33:48.710226,2022-09-11 06:56:21.179518,True,5
318,get dressed,art,2022-09-10 08:21:48.710226,2022-09-11 03:33:52.800143,True,2
319,buy socks,art,2022-09-10 13:09:48.710226,2022-09-11 23:54:26.341835,True,5
320,lay in bed,sport,2022-09-10 17:57:48.710226,2022-09-11 17:24:23.291672,True,4
321,buy socks,art,2022-09-10 22:45:48.710226,2022-09-11 23:45:27.538409,True,1
322,produce shitty code,art,2022-09-11 03:33:48.710226,2022-09-11 21:37:02.315056,True,5
323,drink coffee,art,2022-09-11 08:21:48.710226,2022-09-12 12:14:39.408448,True,4
324,get dressed,sport,2022-09-11 13:09:48.710226,2022-09-12 05:00:04.617656,True,3
325,buy pants,programming,2022-09-11 17:57:48.710226,2022-09-13 05:35:46.328568,True,2
326,buy pants,sport,2022-09-11 22:45:48.710226,2022-09-12 16:46:01.414341,True,5
327,eat,programming,2022-09-12 03:33:48.710226,2022-09-13 01:46:15.814303,True,1
328,brush your teeth,sport,2022-09-12 08:21:48.710226,2022-09-13 09:47:42.529859,True,3
329,produce shitty code,sport,2022-09-12 13:09:48.710226,2022-09-13 17:36:34.761215,True,1
330,lay in bed,art,2022-09-12 17:57:48.710226,2022-09-13 12:49:00.061734,True,2
331,eat,art,2022-09-12 22:45:48.710226,2022-09-13 19:52:57.068883,True,2
332,lay in bed,sport,2022-09-13 03:33:48.710226,2022-09-13 21:52:27.428340,True,4
333,count sand on the beach,art,2022-09-13 08:21:48.710226,2022-09-13 22:35:30.248469,True,3
334,brush your teeth,art,2022-09-13 13:09:48.710226,2022-09-14 12:44:20.913340,True,1
335,lay in bed,art,2022-09-13 17:57:48.710226,2022-09-15 01:16:06.674295,True,5
336,drink coffee,art,2022-09-13 22:45:48.710226,2022-09-15 02:03:45.836607,True,2
337,buy socks,programming,2022-09-14 03:33:48.710226,2022-09-15 14:08:23.315424,True,2
338,go for a walk,sport,2022-09-14 08:21:48.710226,2022-09-15 06:16:38.237506,True,1
339,get dressed,art,2022-09-14 13:09:48.710226,2022-09-15 01:41:44.087426,True,4
340,sleep,sport,2022-09-14 17:57:48.710226,2022-09-15 16:03:22.099849,True,4
341,drink coffee,art,2022-09-14 22:45:48.710226,2022-09-16 02:26:14.280802,True,1
342,lay in bed,programming,2022-09-15 03:33:48.710226,2022-09-16 12:39:58.748025,True,3
343,sleep,art,2022-09-15 08:21:48.710226,2022-09-16 12:12:09.623175,True,2
344,buy pants,programming,2022-09-15 13:09:48.710226,2022-09-17 00:09:13.603181,True,1
345,brush your teeth,art,2022-09-15 17:57:48.710226,2022-09-17 02:49:40.910519,True,3
346,buy socks,sport,2022-09-15 22:45:48.710226,2022-09-16 12:17:05.426092,True,1
347,produce shitty code,sport,2022-09-16 03:33:48.710226,2022-09-16 18:21:27.530699,True,1
348,lay in bed,art,2022-09-16 08:21:48.710226,2022-09-17 10:03:40.892241,True,4
349,nap,programming,2022-09-16 13:09:48.710226,2022-09-17 14:20:08.314069,True,1
350,count sand on the beach,programming,2022-09-16 17:57:48.710226,2022-09-17 23:06:45.193390,True,2
351,get dressed,art,2022-09-16 22:45:48.710226,2022-09-17 20:20:00.566511,True,5
352,lay in bed,sport,2022-09-17 03:33:48.710226,2022-09-18 06:13:48.271050,True,4
353,produce shitty code,art,2022-09-17 08:21:48.710226,2022-09-18 13:27:22.657584,True,2
354,go for a walk,programming,2022-09-17 13:09:48.710226,2022-09-18 17:53:40.141768,True,5
355,get dressed,programming,2022-09-17 17:57:48.710226,2022-09-19 04:57:14.810355,True,3
356,count sand on the beach,programming,2022-09-17 22:45:48.710226,2022-09-18 16:59:18.152923,True,4
357,count sand on the beach,art,2022-09-18 03:33:48.710226,2022-09-19 13:48:11.590276,True,4
358,lay in bed,programming,2022-09-18 08:21:48.710226,2022-09-19 04:33:09.974648,True,1
359,count leaves of trees,sport,2022-09-18 13:09:48.710226,2022-09-19 04:46:55.452926,True,2
360,buy socks,art,2022-09-18 17:57:48.710226,2022-09-19 11:00:16.496735,True,3
361,produce shitty code,art,2022-09-18 22:45:48.710226,2022-09-20 01:33:45.838354,True,3
362,buy pants,art,2022-09-19 03:33:48.710226,2022-09-20 13:51:14.119599,True,5
363,count leaves of trees,sport,2022-09-19 08:21:48.710226,2022-09-20 17:22:44.398867,True,5
364,brush your teeth,art,2022-09-19 13:09:48.710226,2022-09-20 10:27:57.580954,True,3
365,drink coffee,sport,2022-09-19 17:57:48.710226,2022-09-20 22:10:29.721212,True,5
366,buy socks,sport,2022-09-19 22:45:48.710226,2022-09-20 21:50:55.208268,True,1
367,count sand on the beach,programming,2022-09-20 03:33:48.710226,2022-09-20 22:22:21.912080,True,3
368,get dressed,art,2022-09-20 08:21:48.710226,2022-09-21 01:11:15.966948,True,5
369,brush your teeth,programming,2022-09-20 13:09:48.710226,2022-09-21 11:09:12.516737,True,2
370,get dressed,programming,2022-09-20 17:57:48.710226,2022-09-21 07:18:41.236730,True,4
371,go for a walk,sport,2022-09-20 22:45:48.710226,2022-09-21 17:04:35.177666,True,4
372,eat,art,2022-09-21 03:33:48.710226,2022-09-21 17:32:30.094302,True,1
373,produce shitty code,sport,2022-09-21 08:21:48.710226,2022-09-22 12:49:26.340123,True,3
374,brush your teeth,art,2022-09-21 13:09:48.710226,2022-09-22 14:24:57.799613,True,1
375,eat,sport,2022-09-21 17:57:48.710226,2022-09-22 13:27:41.320357,True,3
376,go for a walk,art,2022-09-21 22:45:48.710226,2022-09-22 12:13:29.858907,True,1
377,count leaves of trees,art,2022-09-22 03:33:48.710226,2022-09-23 04:06:32.768947,True,1
378,get dressed,programming,2022-09-22 08:21:48.710226,2022-09-23 15:58:52.975523,True,2
379,go for a walk,programming,2022-09-22 13:09:48.710226,2022-09-23 17:14:45.050655,True,1
380,buy socks,sport,2022-09-22 17:57:48.710226,2022-09-24 04:06:48.444915,True,1
381,lay in bed,art,2022-09-22 22:45:48.710226,2022-09-23 15:54:09.834466,True,2
382,produce shitty code,sport,2022-09-23 03:33:48.710226,2022-09-23 23:14:23.396114,True,4
383,produce shitty code,art,2022-09-23 08:21:48.710226,2022-09-24 09:00:49.824551,True,4
384,brush your teeth,sport,2022-09-23 13:09:48.710226,2022-09-24 21:22:06.666154,True,3
385,count leaves of trees,sport,2022-09-23 17:57:48.710226,2022-09-24 23:28:53.425691,True,1
386,produce shitty code,programming,2022-09-23 22:45:48.710226,2022-09-25 01:31:09.820822,True,5
387,brush your teeth,art,2022-09-24 03:33:48.710226,2022-09-24 15:46:48.956114,True,1
388,nap,sport,2022-09-24 08:21:48.710226,2022-09-25 08:13:30.920260,True,5
389,brush your teeth,programming,2022-09-24 13:09:48.710226,2022-09-25 05:57:36.377738,True,1
390,drink coffee,art,2022-09-24 17:57:48.710226,2022-09-26 01:09:03.258315,True,5
391,buy pants,art,2022-09-24 22:45:48.710226,2022-09-26 01:28:28.992338,True,4
392,nap,sport,2022-09-25 03:33:48.710226,2022-09-25 19:59:18.702545,True,1
393,eat,programming,2022-09-25 08:21:48.710226,2022-09-26 17:28:38.880593,True,4
394,eat,art,2022-09-25 13:09:48.710226,2022-09-26 10:52:00.616374,True,2
395,brush your teeth,art,2022-09-25 17:57:48.710226,2022-09-26 23:41:44.150501,True,4
396,buy socks,art,2022-09-25 22:45:48.710226,2022-09-26 23:41:54.069756,True,3
397,get dressed,programming,2022-09-26 03:33:48.710226,2022-09-26 21:33:43.686772,True,1
398,eat,art,2022-09-26 08:21:48.710226,2022-09-27 20:19:36.579325,True,3
399,get dressed,programming,2022-09-26 13:09:48.710226,2022-09-28 00:16:18.414050,True,2
400,brush your teeth,programming,2022-09-26 17:57:48.710226,2022-09-27 13:21:17.843357,True,3
401,count sand on the beach,art,2022-09-26 22:45:48.710226,2022-09-27 10:48:13.681003,True,4
402,produce shitty code,sport,2022-09-27 03:33:48.710226,2022-09-28 13:02:08.274221,True,4
403,drink coffee,art,2022-09-27 08:21:48.710226,2022-09-28 12:52:12.846460,True,3
404,buy socks,programming,2022-09-27 13:09:48.710226,2022-09-28 02:50:08.553245,True,3
405,buy socks,sport,2022-09-27 17:57:48.710226,2022-09-28 18:23:26.073032,True,2
406,produce shitty code,programming,2022-09-27 22:45:48.710226,2022-09-29 01:24:43.350099,True,1
407,buy socks,programming,2022-09-28 03:33:48.710226,2022-09-29 00:40:08.092474,True,3
408,count leaves of trees,programming,2022-09-28 08:21:48.710226,2022-09-29 18:28:35.018777,True,4
409,lay in bed,art,2022-09-28 13:09:48.710226,2022-09-29 03:02:42.501572,True,5
410,drink coffee,programming,2022-09-28 17:57:48.710226,2022-09-29 06:29:19.370991,True,2
411,buy pants,programming,2022-09-28 22:45:48.710226,2022-09-29 19:41:28.136280,True,2
412,count sand on the beach,sport,2022-09-29 03:33:48.710226,2022-09-29 19:12:07.832934,True,4
413,buy pants,programming,2022-09-29 08:21:48.710226,2022-09-30 03:46:57.882299,True,5
414,eat,art,2022-09-29 13:09:48.710226,2022-10-01 00:59:29.032793,True,2
415,produce shitty code,programming,2022-09-29 17:57:48.710226,2022-09-30 08:15:16.575891,True,5
416,produce shitty code,art,2022-09-29 22:45:48.710226,2022-09-30 21:26:16.155696,True,1
417,sleep,art,2022-09-30 03:33:48.710226,2022-10-01 11:03:17.898686,True,3
418,get dressed,programming,2022-09-30 08:21:48.710226,2022-10-01 08:25:54.295648,True,2
419,buy pants,art,2022-09-30 13:09:48.710226,2022-10-01 17:53:01.250590,True,5
420,eat,sport,2022-09-30 17:57:48.710226,2022-10-01 20:55:17.208476,True,1
421,brush your teeth,programming,2022-09-30 22:45:48.710226,2022-10-01 19:31:47.798840,True,4
422,eat,sport,2022-10-01 03:33:48.710226,2022-10-01 19:46:14.390072,True,3
423,drink coffee,programming,2022-10-01 08:21:48.710226,2022-10-02 15:55:14.820270,True,3
424,produce shitty code,art,2022-10-01 13:09:48.710226,2022-10-02 21:32:40.127642,True,3
425,brush your teeth,sport,2022-10-01 17:57:48.710226,2022-10-02 08:58:32.705843,True,1
426,produce shitty code,art,2022-10-01 22:45:48.710226,2022-10-02 13:32:56.697180,True,5
427,count sand on the beach,programming,2022-10-02 03:33:48.710226,2022-10-02 16:41:10.786801,True,2
428,drink coffee,programming,2022-10-02 08:21:48.710226,2022-10-03 00:45:04.713244,True,5
429,sleep,art,2022-10-02 13:09:48.710226,2022-10-03 12:51:49.765081,True,4
430,produce shitty code,art,2022-10-02 17:57:48.710226,2022-10-03 16:23:31.063838,True,1
431,produce shitty code,programming,2022-10-02 22:45:48.710226,2022-10-03 21:46:22.881038,True,4
432,buy pants,art,2022-10-03 03:33:48.710226,2022-10-04 15:33:38.238455,True,1
433,produce shitty code,programming,2022-10-03 08:21:48.710226,2022-10-04 02:54:24.812362,True,1
434,buy socks,sport,2022-10-03 13:09:48.710226,2022-10-04 18:59:39.277441,True,3
435,drink coffee,art,2022-10-03 17:57:48.710226,2022-10-05 03:08:52.666483,True,1
436,brush your teeth,programming,2022-10-03 22:45:48.710226,2022-10-04 11:31:21.244145,True,1
437,count sand on the beach,sport,2022-10-04 03:33:48.710226,2022-10-05 03:01:03.418867,True,5
438,count leaves of trees,sport,2022-10-04 08:21:48.710226,2022-10-05 02:56:49.052731,True,3
439,go for a walk,art,2022-10-04 13:09:48.710226,2022-10-05 10:28:09.367703,True,1
440,go for a walk,art,2022-10-04 17:57:48.710226,2022-10-06 02:34:02.575617,True,4
441,buy socks,programming,2022-10-04 22:45:48.710226,2022-10-06 03:48:40.646703,True,2
442,eat,sport,2022-10-05 03:33:48.710226,2022-10-05 20:43:50.053452,True,2
443,get dressed,art,2022-10-05 08:21:48.710226,2022-10-06 00:48:02.945259,True,5
444,lay in bed,programming,2022-10-05 13:09:48.710226,2022-10-06 13:50:36.942657,True,5
445,brush your teeth,programming,2022-10-05 17:57:48.710226,2022-10-06 11:30:56.197702,True,2
446,go for a walk,art,2022-10-05 22:45:48.710226,2022-10-06 16:22:38.297783,True,4
447,buy socks,sport,2022-10-06 03:33:48.710226,2022-10-06 16:19:11.827151,True,1
448,drink coffee,programming,2022-10-06 08:21:48.710226,2022-10-07 16:07:39.783364,True,5
449,go for a walk,sport,2022-10-06 13:09:48.710226,2022-10-07 06:58:40.015203,True,5
450,sleep,programming,2022-10-06 17:57:48.710226,2022-10-07 07:27:38.067128,True,3
451,buy pants,programming,2022-10-06 22:45:48.710226,2022-10-08 07:55:06.190128,True,1
452,sleep,art,2022-10-07 03:33:48.710226,2022-10-08 00:02:17.026928,True,5
453,count leaves of trees,sport,2022-10-07 08:21:48.710226,2022-10-08 05:07:49.726664,True,3
454,brush your teeth,art,2022-10-07 13:09:48.710226,2022-10-08 16:00:20.720814,True,4
455,get dressed,programming,2022-10-07 17:57:48.710226,2022-10-08 13:58:22.476360,True,2
456,get dressed,sport,2022-10-07 22:45:48.710226,2022-10-09 02:34:34.672849,True,1
457,brush your teeth,art,2022-10-08 03:33:48.710226,2022-10-09 09:38:06.922355,True,1
458,brush your teeth,programming,2022-10-08 08:21:48.710226,2022-10-09 06:53:38.441744,True,5
459,go for a walk,sport,2022-10-08 13:09:48.710226,2022-10-09 05:45:47.911035,True,1
460,buy pants,sport,2022-10-08 17:57:48.710226,2022-10-10 03:26:42.483518,True,1
461,count sand on the beach,art,2022-10-08 22:45:48.710226,2022-10-10 04:31:59.588992,True,4
462,produce shitty code,sport,2022-10-09 03:33:48.710226,2022-10-10 01:21:16.581742,True,5
463,brush your teeth,programming,2022-10-09 08:21:48.710226,2022-10-10 06:44:14.595626,True,1
464,nap,programming,2022-10-09 13:09:48.710226,2022-10-10 05:03:20.568019,True,1
465,lay in bed,programming,2022-10-09 17:57:48.710226,2022-10-10 23:42:48.905163,True,4
466,go for a walk,art,2022-10-09 22:45:48.710226,2022-10-10 12:23:17.237231,True,5
467,buy pants,art,2022-10-10 03:33:48.710226,2022-10-10 23:27:59.684001,True,5
468,count leaves of trees,art,2022-10-10 08:21:48.710226,2022-10-11 08:27:01.948980,True,5
469,count sand on the beach,art,2022-10-10 13:09:48.710226,2022-10-11 04:24:12.308016,True,1
470,eat,sport,2022-10-10 17:57:48.710226,2022-10-11 07:19:54.631694,True,4
471,count leaves of trees,programming,2022-10-10 22:45:48.710226,2022-10-11 13:02:34.128214,True,1
472,drink coffee,art,2022-10-11 03:33:48.710226,2022-10-11 16:14:41.641212,True,3
473,buy pants,sport,2022-10-11 08:21:48.710226,2022-10-12 14:56:44.920740,True,5
474,sleep,art,2022-10-11 13:09:48.710226,2022-10-12 06:11:56.897073,True,5
475,produce shitty code,sport,2022-10-11 17:57:48.710226,2022-10-12 23:44:16.700436,True,1
476,produce shitty code,programming,2022-10-11 22:45:48.710226,2022-10-12 10:54:28.546189,True,1
477,lay in bed,sport,2022-10-12 03:33:48.710226,2022-10-12 17:40:17.725624,True,5
478,sleep,programming,2022-10-12 08:21:48.710226,2022-10-13 08:32:06.427141,True,5
479,count sand on the beach,sport,2022-10-12 13:09:48.710226,2022-10-13 19:29:12.260697,True,5
480,produce shitty code,sport,2022-10-12 17:57:48.710226,2022-10-14 02:57:58.607910,True,1
481,eat,art,2022-10-12 22:45:48.710226,2022-10-13 14:24:16.532238,True,1
482,drink coffee,programming,2022-10-13 03:33:48.710226,2022-10-14 04:10:04.077470,True,3
483,count leaves of trees,programming,2022-10-13 08:21:48.710226,2022-10-14 16:40:54.333892,True,4
484,buy socks,art,2022-10-13 13:09:48.710226,2022-10-14 07:51:56.665123,True,1
485,brush your teeth,art,2022-10-13 17:57:48.710226,2022-10-14 07:05:43.488989,True,4
486,buy pants,sport,2022-10-13 22:45:48.710226,2022-10-15 03:18:31.231967,True,4
487,buy socks,programming,2022-10-14 03:33:48.710226,2022-10-15 15:04:32.445274,True,4
488,sleep,sport,2022-10-14 08:21:48.710226,2022-10-15 20:03:13.797125,True,4
489,count sand on the beach,sport,2022-10-14 13:09:48.710226,2022-10-15 19:20:17.279963,True,3
490,lay in bed,programming,2022-10-14 17:57:48.710226,2022-10-16 00:48:13.944577,True,3
491,sleep,programming,2022-10-14 22:45:48.710226,2022-10-15 17:34:02.258192,True,1
492,go for a walk,programming,2022-10-15 03:33:48.710226,2022-10-16 09:20:09.222080,True,1
493,go for a walk,sport,2022-10-15 08:21:48.710226,2022-10-16 10:33:09.767076,True,1
494,lay in bed,programming,2022-10-15 13:09:48.710226,2022-10-16 12:32:13.362259,True,1
495,buy pants,sport,2022-10-15 17:57:48.710226,2022-10-16 10:29:34.301915,True,5
496,nap,art,2022-10-15 22:45:48.710226,2022-10-17 02:12:33.218251,True,3
497,count leaves of trees,programming,2022-10-16 03:33:48.710226,2022-10-16 22:09:09.710772,True,1
498,get dressed,programming,2022-10-16 08:21:48.710226,2022-10-16 23:40:45.863892,True,1
499,nap,programming,2022-10-16 13:09:48.710226,2022-10-17 05:53:44.455616,True,2
500,sleep,sport,2022-10-16 17:57:48.710226,2022-10-17 16:33:16.368999,True,3
501,lay in bed,sport,2022-10-16 22:45:48.710226,2022-10-18 10:13:06.838774,True,1
502,sleep,sport,2022-10-17 03:33:48.710226,2022-10-18 15:04:57.158172,True,4
503,get dressed,sport,2022-10-17 08:21:48.710226,2022-10-17 22:51:17.177805,True,5
504,get dressed,sport,2022-10-17 13:09:48.710226,2022-10-18 06:16:05.214195,True,4
505,go for a walk,sport,2022-10-17 17:57:48.710226,2022-10-18 11:18:39.143894,True,1
506,buy pants,art,2022-10-17 22:45:48.710226,2022-10-18 11:59:55.341061,True,2
507,buy socks,programming,2022-10-18 03:33:48.710226,2022-10-18 19:08:17.080170,True,2
508,get dressed,art,2022-10-18 08:21:48.710226,2022-10-19 07:38:27.497245,True,4
509,nap,programming,2022-10-18 13:09:48.710226,2022-10-19 22:19:03.210051,True,5
510,eat,programming,2022-10-18 17:57:48.710226,2022-10-19 12:47:50.644215,True,1
511,sleep,programming,2022-10-18 22:45:48.710226,2022-10-19 11:10:56.662777,True,5
512,produce shitty code,programming,2022-10-19 03:33:48.710226,2022-10-20 01:05:56.443084,True,2
513,count leaves of trees,sport,2022-10-19 08:21:48.710226,2022-10-20 06:57:47.526446,True,1
514,count sand on the beach,programming,2022-10-19 13:09:48.710226,2022-10-20 22:47:26.575440,True,2
515,brush your teeth,programming,2022-10-19 17:57:48.710226,2022-10-20 17:52:52.032655,True,2
516,lay in bed,sport,2022-10-19 22:45:48.710226,2022-10-20 15:14:25.905247,True,5
517,lay in bed,sport,2022-10-20 03:33:48.710226,2022-10-21 03:40:20.002766,True,4
518,buy socks,sport,2022-10-20 08:21:48.710226,2022-10-21 16:30:21.931768,True,3
519,drink coffee,art,2022-10-20 13:09:48.710226,2022-10-21 20:26:05.067647,True,4
520,eat,programming,2022-10-20 17:57:48.710226,2022-10-21 14:22:15.818297,True,5
521,get dressed,sport,2022-10-20 22:45:48.710226,2022-10-22 01:36:33.246931,True,1
522,count sand on the beach,art,2022-10-21 03:33:48.710226,2022-10-22 14:04:22.279359,True,5
523,count sand on the beach,programming,2022-10-21 08:21:48.710226,2022-10-22 09:10:16.877830,True,1
524,go for a walk,sport,2022-10-21 13:09:48.710226,2022-10-22 16:00:26.455892,True,2
525,get dressed,sport,2022-10-21 17:57:48.710226,2022-10-23 03:05:57.135385,True,1
526,buy pants,programming,2022-10-21 22:45:48.710226,2022-10-23 09:26:43.717397,True,2
527,eat,art,2022-10-22 03:33:48.710226,2022-10-23 13:54:57.160928,True,5
528,count leaves of trees,programming,2022-10-22 08:21:48.710226,2022-10-23 00:00:40.981178,True,1
529,count leaves of trees,sport,2022-10-22 13:09:48.710226,2022-10-23 22:40:57.482904,True,5
530,eat,art,2022-10-22 17:57:48.710226,2022-10-23 11:38:45.707906,True,5
531,drink coffee,programming,2022-10-22 22:45:48.710226,2022-10-24 02:28:30.514144,True,5
532,buy socks,sport,2022-10-23 03:33:48.710226,2022-10-23 21:12:53.263112,True,2
533,count sand on the beach,sport,2022-10-23 08:21:48.710226,2022-10-23 23:57:51.436604,True,3
534,lay in bed,programming,2022-10-23 13:09:48.710226,2022-10-24 11:14:04.028156,True,3
535,go for a walk,sport,2022-10-23 17:57:48.710226,2022-10-24 08:14:15.557320,True,4
536,nap,programming,2022-10-23 22:45:48.710226,2022-10-25 10:10:01.843840,True,1
537,nap,art,2022-10-24 03:33:48.710226,2022-10-25 04:33:40.427919,True,4
538,produce shitty code,programming,2022-10-24 08:21:48.710226,2022-10-25 02:47:44.408989,True,4
539,count sand on the beach,art,2022-10-24 13:09:48.710226,2022-10-26 00:49:20.698210,True,3
540,nap,art,2022-10-24 17:57:48.710226,2022-10-25 12:23:49.198570,True,5
541,buy pants,programming,2022-10-24 22:45:48.710226,2022-10-25 17:00:43.362738,True,3
542,go for a walk,sport,2022-10-25 03:33:48.710226,2022-10-26 00:12:56.891264,True,4
543,buy pants,art,2022-10-25 08:21:48.710226,2022-10-26 05:02:31.614665,True,1
544,drink coffee,programming,2022-10-25 13:09:48.710226,2022-10-26 19:47:38.556362,True,3
545,brush your teeth,art,2022-10-25 17:57:48.710226,2022-10-26 18:13:04.492565,True,1
546,sleep,art,2022-10-25 22:45:48.710226,2022-10-27 04:19:22.789901,True,2
547,produce shitty code,art,2022-10-26 03:33:48.710226,2022-10-27 07:55:17.398888,True,5
548,brush your teeth,sport,2022-10-26 08:21:48.710226,2022-10-27 13:15:51.488181,True,4
549,count leaves of trees,programming,2022-10-26 13:09:48.710226,2022-10-27 18:04:03.711375,True,4
550,count sand on the beach,art,2022-10-26 17:57:48.710226,2022-10-27 08:20:50.692552,True,2
551,buy pants,art,2022-10-26 22:45:48.710226,2022-10-27 18:22:11.305084,True,1
552,count sand on the beach,sport,2022-10-27 03:33:48.710226,2022-10-28 05:57:30.141618,True,3
553,buy pants,sport,2022-10-27 08:21:48.710226,2022-10-28 16:02:06.005311,True,3
554,count leaves of trees,sport,2022-10-27 13:09:48.710226,2022-10-28 10:40:51.999418,True,2
555,go for a walk,art,2022-10-27 17:57:48.710226,2022-10-28 11:34:15.505932,True,2
556,buy socks,sport,2022-10-27 22:45:48.710226,2022-10-29 03:24:31.940499,True,4
557,lay in bed,art,2022-10-28 03:33:48.710226,2022-10-29 08:35:05.480342,True,2
558,drink coffee,programming,2022-10-28 08:21:48.710226,2022-10-29 11:33:18.753544,True,3
559,buy pants,programming,2022-10-28 13:09:48.710226,2022-10-29 14:43:09.682438,True,5
560,go for a walk,art,2022-10-28 17:57:48.710226,2022-10-30 01:25:36.302944,True,1
561,count sand on the beach,sport,2022-10-28 22:45:48.710226,2022-10-29 12:22:47.129198,True,1
562,produce shitty code,sport,2022-10-29 03:33:48.710226,2022-10-29 19:32:11.091077,True,5
563,brush your teeth,sport,2022-10-29 08:21:48.710226,2022-10-30 00:51:08.103554,True,2
564,drink coffee,programming,2022-10-29 13:09:48.710226,2022-10-30 20:07:05.823785,True,3
565,buy socks,art,2022-10-29 17:57:48.710226,2022-10-31 04:10:16.911965,True,3
566,go for a walk,art,2022-10-29 22:45:48.710226,2022-10-31 10:36:38.360959,True,2
567,produce shitty code,sport,2022-10-30 03:33:48.710226,2022-10-31 08:15:55.849519,True,3
568,count leaves of trees,art,2022-10-30 08:21:48.710226,2022-10-30 22:08:27.364840,True,3
569,get dressed,programming,2022-10-30 13:09:48.710226,2022-10-31 08:02:10.837182,True,3
570,buy socks,sport,2022-10-30 17:57:48.710226,2022-10-31 12:48:07.450523,True,2
571,produce shitty code,sport,2022-10-30 22:45:48.710226,2022-11-01 00:20:18.995063,True,5
572,count sand on the beach,programming,2022-10-31 03:33:48.710226,2022-11-01 15:05:07.528806,True,4
573,eat,sport,2022-10-31 08:21:48.710226,2022-10-31 22:42:13.885426,True,3
574,drink coffee,art,2022-10-31 13:09:48.710226,2022-11-01 12:23:35.000131,True,4
575,go for a walk,art,2022-10-31 17:57:48.710226,2022-11-01 19:59:35.252684,True,4
576,brush your teeth,art,2022-10-31 22:45:48.710226,2022-11-01 17:57:14.009777,True,1
577,get dressed,art,2022-11-01 03:33:48.710226,2022-11-02 09:17:04.347722,True,1
578,buy socks,sport,2022-11-01 08:21:48.710226,2022-11-02 18:05:10.910640,True,5
579,count leaves of trees,programming,2022-11-01 13:09:48.710226,2022-11-02 19:27:28.760469,True,2
580,lay in bed,art,2022-11-01 17:57:48.710226,2022-11-02 07:39:13.731035,True,4
581,nap,art,2022-11-01 22:45:48.710226,2022-11-03 06:11:54.374270,True,5
582,lay in bed,sport,2022-11-02 03:33:48.710226,2022-11-03 08:28:10.356102,True,2
583,sleep,programming,2022-11-02 08:21:48.710226,2022-11-02 23:12:50.663629,True,4
584,drink coffee,programming,2022-11-02 13:09:48.710226,2022-11-03 23:33:32.392383,True,4
585,nap,programming,2022-11-02 17:57:48.710226,2022-11-03 20:36:22.623473,True,3
586,eat,programming,2022-11-02 22:45:48.710226,2022-11-03 19:13:38.891894,True,1
587,nap,art,2022-11-03 03:33:48.710226,2022-11-04 09:54:23.348872,True,3
588,sleep,sport,2022-11-03 08:21:48.710226,2022-11-04 06:10:58.718348,True,2
589,brush your teeth,programming,2022-11-03 13:09:48.710226,2022-11-04 11:13:29.386344,True,2
590,brush your teeth,sport,2022-11-03 17:57:48.710226,2022-11-05 04:44:16.490952,True,2
591,sleep,programming,2022-11-03 22:45:48.710226,2022-11-04 18:45:44.642307,True,4
592,go for a walk,programming,2022-11-04 03:33:48.710226,2022-11-05 02:41:24.643066,True,5
593,count leaves of trees,programming,2022-11-04 08:21:48.710226,2022-11-05 12:28:19.068136,True,3
594,go for a walk,art,2022-11-04 13:09:48.710226,2022-11-05 13:47:43.358898,True,3
595,produce shitty code,programming,2022-11-04 17:57:48.710226,2022-11-05 17:05:07.416122,True,2
596,buy socks,programming,2022-11-04 22:45:48.710226,2022-11-05 15:54:51.025963,True,2
597,buy socks,programming,2022-11-05 03:33:48.710226,2022-11-05 16:53:01.788172,True,4
598,drink coffee,sport,2022-11-05 08:21:48.710226,2022-11-06 20:19:53.615850,True,2
599,eat,sport,2022-11-05 13:09:48.710226,2022-11-06 07:39:32.381809,True,1
600,buy pants,sport,2022-11-05 17:57:48.710226,2022-11-06 13:13:46.945599,True,1
601,produce shitty code,art,2022-11-05 22:45:48.710226,2022-11-07 02:31:24.205350,True,2
602,count leaves of trees,programming,2022-11-06 03:33:48.710226,2022-11-07 10:28:27.981499,True,5
603,eat,sport,2022-11-06 08:21:48.710226,2022-11-07 11:00:55.090027,True,5
604,brush your teeth,sport,2022-11-06 13:09:48.710226,2022-11-07 13:26:57.828068,True,2
605,count sand on the beach,sport,2022-11-06 17:57:48.710226,2022-11-07 16:23:32.156293,True,2
606,lay in bed,programming,2022-11-06 22:45:48.710226,2022-11-07 21:33:55.619686,True,2
607,nap,art,2022-11-07 03:33:48.710226,2022-11-07 22:48:41.831954,True,5
608,count sand on the beach,art,2022-11-07 08:21:48.710226,2022-11-08 01:47:15.284407,True,3
609,get dressed,programming,2022-11-07 13:09:48.710226,2022-11-08 15:30:05.042332,True,5
610,go for a walk,art,2022-11-07 17:57:48.710226,2022-11-09 03:42:31.448022,True,1
611,sleep,sport,2022-11-07 22:45:48.710226,2022-11-08 16:26:01.298689,True,1
612,sleep,sport,2022-11-08 03:33:48.710226,2022-11-08 22:46:46.659258,True,3
613,buy pants,art,2022-11-08 08:21:48.710226,2022-11-09 19:26:37.222283,True,5
614,go for a walk,programming,2022-11-08 13:09:48.710226,2022-11-09 22:41:24.491173,True,2
615,get dressed,sport,2022-11-08 17:57:48.710226,2022-11-09 14:23:20.160291,True,2
616,lay in bed,art,2022-11-08 22:45:48.710226,2022-11-09 12:29:10.108348,True,3
617,drink coffee,programming,2022-11-09 03:33:48.710226,2022-11-10 04:52:30.345379,True,3
618,buy pants,programming,2022-11-09 08:21:48.710226,2022-11-10 18:56:30.888137,True,2
619,buy pants,sport,2022-11-09 13:09:48.710226,2022-11-10 03:29:24.240914,True,5
620,eat,programming,2022-11-09 17:57:48.710226,2022-11-10 15:39:37.646173,True,4
621,lay in bed,programming,2022-11-09 22:45:48.710226,2022-11-11 03:04:52.128272,True,4
622,count sand on the beach,sport,2022-11-10 03:33:48.710226,2022-11-11 07:03:58.418622,True,2
623,get dressed,sport,2022-11-10 08:21:48.710226,2022-11-11 00:34:43.468853,True,3
624,brush your teeth,art,2022-11-10 13:09:48.710226,2022-11-11 13:10:30.909103,True,3
625,lay in bed,sport,2022-11-10 17:57:48.710226,2022-11-11 07:29:13.498994,True,1
626,count leaves of trees,sport,2022-11-10 22:45:48.710226,2022-11-12 05:38:11.176021,True,1
627,buy socks,art,2022-11-11 03:33:48.710226,2022-11-12 05:24:37.266415,True,4
628,eat,programming,2022-11-11 08:21:48.710226,2022-11-12 08:19:12.388895,True,4
629,count sand on the beach,art,2022-11-11 13:09:48.710226,2022-11-13 00:25:52.061823,True,1
630,lay in bed,art,2022-11-11 17:57:48.710226,2022-11-13 03:30:25.925093,True,4
631,brush your teeth,sport,2022-11-11 22:45:48.710226,2022-11-12 12:33:19.098807,True,3
632,lay in bed,sport,2022-11-12 03:33:48.710226,2022-11-13 01:17:26.207100,True,1
633,nap,programming,2022-11-12 08:21:48.710226,2022-11-13 03:31:48.764128,True,4
634,nap,art,2022-11-12 13:09:48.710226,2022-11-13 20:50:26.755324,True,3
635,buy socks,sport,2022-11-12 17:57:48.710226,2022-11-13 16:41:04.486929,True,4
636,nap,sport,2022-11-12 22:45:48.710226,2022-11-14 01:45:24.287188,True,4
637,sleep,programming,2022-11-13 03:33:48.710226,2022-11-14 06:55:29.742680,True,2
638,buy pants,art,2022-11-13 08:21:48.710226,2022-11-14 18:18:50.543713,True,3
639,nap,programming,2022-11-13 13:09:48.710226,2022-11-14 09:30:10.736930,True,5
640,buy socks,art,2022-11-13 17:57:48.710226,2022-11-15 03:34:46.197218,True,3
641,nap,art,2022-11-13 22:45:48.710226,2022-11-15 07:11:08.439772,True,1
642,buy socks,sport,2022-11-14 03:33:48.710226,2022-11-15 14:11:56.141282,True,5
643,drink coffee,art,2022-11-14 08:21:48.710226,2022-11-15 06:03:38.857869,True,1
644,produce shitty code,art,2022-11-14 13:09:48.710226,2022-11-15 02:06:07.414661,True,5
645,drink coffee,sport,2022-11-14 17:57:48.710226,2022-11-15 09:35:11.725756,True,2
646,eat,art,2022-11-14 22:45:48.710226,2022-11-16 09:22:40.957971,True,4
647,eat,sport,2022-11-15 03:33:48.710226,2022-11-16 09:35:46.335847,True,2
648,buy pants,sport,2022-11-15 08:21:48.710226,2022-11-16 01:25:36.140816,True,1
649,count sand on the beach,art,2022-11-15 13:09:48.710226,2022-11-16 16:21:25.946494,True,4
650,lay in bed,art,2022-11-15 17:57:48.710226,2022-11-16 06:19:35.116597,True,3
651,lay in bed,programming,2022-11-15 22:45:48.710226,2022-11-16 17:14:29.296044,True,2
652,go for a walk,programming,2022-11-16 03:33:48.710226,2022-11-17 02:45:20.692740,True,4
653,eat,sport,2022-11-16 08:21:48.710226,2022-11-17 00:54:58.237256,True,5
654,lay in bed,sport,2022-11-16 13:09:48.710226,2022-11-17 23:50:11.938037,True,1
655,brush your teeth,art,2022-11-16 17:57:48.710226,2022-11-17 13:05:21.497453,True,3
656,lay in bed,sport,2022-11-16 22:45:48.710226,2022-11-17 22:08:34.144189,True,3
657,lay in bed,sport,2022-11-17 03:33:48.710226,2022-11-18 00:46:20.648153,True,3
658,lay in bed,art,2022-11-17 08:21:48.710226,2022-11-18 02:25:19.131282,True,1
659,count leaves of trees,programming,2022-11-17 13:09:48.710226,2022-11-18 11:35:07.433718,True,3
660,nap,art,2022-11-17 17:57:48.710226,2022-11-19 00:14:50.375151,True,2
661,count sand on the beach,art,2022-11-17 22:45:48.710226,2022-11-19 09:27:59.733694,True,5
662,brush your teeth,sport,2022-11-18 03:33:48.710226,2022-11-18 19:07:59.685528,True,2
663,nap,programming,2022-11-18 08:21:48.710226,2022-11-19 05:55:44.480189,True,3
664,produce shitty code,programming,2022-11-18 13:09:48.710226,2022-11-19 20:28:19.413621,True,5
665,lay in bed,art,2022-11-18 17:57:48.710226,2022-11-19 13:12:14.026566,True,1
666,count leaves of trees,art,2022-11-18 22:45:48.710226,2022-11-19 15:02:42.837291,True,3
667,nap,sport,2022-11-19 03:33:48.710226,2022-11-19 21:23:47.077056,True,1
668,buy pants,sport,2022-11-19 08:21:48.710226,2022-11-20 02:34:33.700834,True,5
669,get dressed,programming,2022-11-19 13:09:48.710226,2022-11-20 03:21:48.026459,True,2
670,brush your teeth,sport,2022-11-19 17:57:48.710226,2022-11-20 17:39:01.941216,True,3
671,eat,art,2022-11-19 22:45:48.710226,2022-11-21 09:20:45.150892,True,4
672,buy socks,programming,2022-11-20 03:33:48.710226,2022-11-20 17:20:48.468542,True,4
673,sleep,programming,2022-11-20 08:21:48.710226,2022-11-21 00:33:54.695450,True,4
674,drink coffee,sport,2022-11-20 13:09:48.710226,2022-11-21 11:52:43.000396,True,2
675,get dressed,sport,2022-11-20 17:57:48.710226,2022-11-21 17:27:11.054261,True,5
676,brush your teeth,art,2022-11-20 22:45:48.710226,2022-11-21 17:53:36.245234,True,5
677,nap,art,2022-11-21 03:33:48.710226,2022-11-22 07:09:50.594771,True,1
678,buy pants,programming,2022-11-21 08:21:48.710226,2022-11-22 01:32:15.294711,True,1
679,sleep,art,2022-11-21 13:09:48.710226,2022-11-22 16:21:57.031732,True,3
680,buy socks,art,2022-11-21 17:57:48.710226,2022-11-22 21:56:52.169077,True,1
681,get dressed,sport,2022-11-21 22:45:48.710226,2022-11-22 23:46:47.658083,True,4
682,eat,programming,2022-11-22 03:33:48.710226,2022-11-23 12:20:39.570467,True,5
683,drink coffee,art,2022-11-22 08:21:48.710226,2022-11-23 01:46:50.463027,True,1
684,count leaves of trees,sport,2022-11-22 13:09:48.710226,2022-11-23 06:39:00.281858,True,1
685,sleep,art,2022-11-22 17:57:48.710226,2022-11-23 17:12:18.122138,True,4
686,nap,programming,2022-11-22 22:45:48.710226,2022-11-23 21:28:39.356354,True,5
687,go for a walk,programming,2022-11-23 03:33:48.710226,2022-11-24 03:34:41.113916,True,4
688,buy pants,programming,2022-11-23 08:21:48.710226,2022-11-24 08:55:49.412255,True,5
689,eat,sport,2022-11-23 13:09:48.710226,2022-11-24 15:36:06.161467,True,4
690,produce shitty code,programming,2022-11-23 17:57:48.710226,2022-11-25 03:50:00.378513,True,4
691,lay in bed,art,2022-11-23 22:45:48.710226,2022-11-24 17:33:15.515951,True,2
692,count sand on the beach,art,2022-11-24 03:33:48.710226,2022-11-25 03:23:04.926381,True,5
693,brush your teeth,sport,2022-11-24 08:21:48.710226,2022-11-25 06:29:47.200743,True,4
694,produce shitty code,art,2022-11-24 13:09:48.710226,2022-11-25 18:59:51.558347,True,1
695,brush your teeth,art,2022-11-24 17:57:48.710226,2022-11-26 04:16:50.872349,True,4
696,brush your teeth,programming,2022-11-24 22:45:48.710226,2022-11-26 05:57:27.613142,True,2
697,sleep,programming,2022-11-25 03:33:48.710226,2022-11-26 11:35:06.271825,True,4
698,produce shitty code,art,2022-11-25 08:21:48.710226,2022-11-26 13:32:50.100957,True,5
699,get dressed,sport,2022-11-25 13:09:48.710226,2022-11-26 16:06:38.083264,True,1
700,go for a walk,art,2022-11-25 17:57:48.710226,2022-11-26 14:29:59.054328,True,1
701,go for a walk,programming,2022-11-25 22:45:48.710226,2022-11-27 05:53:59.365115,True,4
702,count leaves of trees,programming,2022-11-26 03:33:48.710226,2022-11-27 00:03:33.067957,True,4
703,brush your teeth,sport,2022-11-26 08:21:48.710226,2022-11-27 02:14:12.736132,True,3
704,produce shitty code,art,2022-11-26 13:09:48.710226,2022-11-27 08:40:17.478384,True,5
705,count sand on the beach,sport,2022-11-26 17:57:48.710226,2022-11-28 00:48:12.007158,True,3
706,buy pants,sport,2022-11-26 22:45:48.710226,2022-11-27 16:51:15.513609,True,5
707,eat,programming,2022-11-27 03:33:48.710226,2022-11-27 15:52:05.344052,True,2
708,buy pants,sport,2022-11-27 08:21:48.710226,2022-11-28 00:24:28.376739,True,4
709,drink coffee,art,2022-11-27 13:09:48.710226,2022-11-28 22:49:20.811945,True,2
710,lay in bed,art,2022-11-27 17:57:48.710226,2022-11-28 16:23:30.912749,True,1
711,lay in bed,programming,2022-11-27 22:45:48.710226,2022-11-29 04:33:23.070420,True,3
712,count sand on the beach,programming,2022-11-28 03:33:48.710226,2022-11-28 22:40:53.772352,True,5
713,drink coffee,programming,2022-11-28 08:21:48.710226,2022-11-29 01:34:24.659329,True,3
714,buy pants,sport,2022-11-28 13:09:48.710226,2022-11-29 04:06:23.216305,True,5
715,count sand on the beach,art,2022-11-28 17:57:48.710226,2022-11-30 02:13:46.169344,True,5
716,count sand on the beach,programming,2022-11-28 22:45:48.710226,2022-11-30 00:34:10.879454,True,1
717,sleep,art,2022-11-29 03:33:48.710226,2022-11-30 01:02:14.472902,True,3
718,eat,art,2022-11-29 08:21:48.710226,2022-11-30 13:18:35.828390,True,1
719,sleep,art,2022-11-29 13:09:48.710226,2022-11-30 22:29:11.623620,True,2
720,nap,programming,2022-11-29 17:57:48.710226,2022-11-30 16:23:53.686373,True,5
721,lay in bed,art,2022-11-29 22:45:48.710226,2022-11-30 11:06:18.673176,True,2
722,buy socks,art,2022-11-30 03:33:48.710226,2022-12-01 10:04:10.984424,True,4
723,count leaves of trees,art,2022-11-30 08:21:48.710226,2022-12-01 08:50:33.903282,True,1
724,drink coffee,art,2022-11-30 13:09:48.710226,2022-12-01 02:39:17.925360,True,2
725,lay in bed,art,2022-11-30 17:57:48.710226,2022-12-01 10:43:14.042710,True,2
726,eat,programming,2022-11-30 22:45:48.710226,2022-12-02 03:36:37.151852,True,4
727,drink coffee,sport,2022-12-01 03:33:48.710226,2022-12-02 11:26:54.551442,True,1
728,get dressed,art,2022-12-01 08:21:48.710226,2022-12-01 22:29:49.972795,True,1
729,sleep,programming,2022-12-01 13:09:48.710226,2022-12-02 09:11:15.613989,True,3
730,count sand on the beach,programming,2022-12-01 17:57:48.710226,2022-12-02 08:51:59.606710,True,5
731,buy socks,sport,2022-12-01 22:45:48.710226,2022-12-03 07:55:14.834438,True,2
732,count sand on the beach,programming,2022-12-02 03:33:48.710226,2022-12-02 18:30:35.494158,True,4
733,get dressed,art,2022-12-02 08:21:48.710226,2022-12-03 17:27:18.901489,True,5
734,produce shitty code,programming,2022-12-02 13:09:48.710226,2022-12-03 16:39:51.433940,True,5
735,count leaves of trees,art,2022-12-02 17:57:48.710226,2022-12-04 01:04:32.061263,True,5
736,count sand on the beach,art,2022-12-02 22:45:48.710226,2022-12-03 21:39:51.808228,True,2
737,lay in bed,art,2022-12-03 03:33:48.710226,2022-12-04 13:22:28.508175,True,4
738,drink coffee,sport,2022-12-03 08:21:48.710226,2022-12-04 01:29:53.680441,True,2
739,nap,programming,2022-12-03 13:09:48.710226,2022-12-04 21:54:37.582788,True,1
740,count sand on the beach,sport,2022-12-03 17:57:48.710226,2022-12-04 14:24:40.325321,True,2
741,buy socks,art,2022-12-03 22:45:48.710226,2022-12-04 14:18:21.960990,True,2
742,nap,sport,2022-12-04 03:33:48.710226,2022-12-05 03:28:19.060335,True,4
743,produce shitty code,sport,2022-12-04 08:21:48.710226,2022-12-04 21:57:31.548409,True,5
744,brush your teeth,sport,2022-12-04 13:09:48.710226,2022-12-05 11:10:13.819469,True,3
745,go for a walk,sport,2022-12-04 17:57:48.710226,2022-12-05 18:50:55.746140,True,4
746,drink coffee,sport,2022-12-04 22:45:48.710226,2022-12-06 08:29:19.442647,True,4
747,nap,sport,2022-12-05 03:33:48.710226,2022-12-06 10:11:51.732539,True,3
748,nap,art,2022-12-05 08:21:48.710226,2022-12-06 08:29:21.162417,True,1
749,produce shitty code,art,2022-12-05 13:09:48.710226,2022-12-06 09:15:58.492237,True,4
750,get dressed,programming,2022-12-05 17:57:48.710226,2022-12-06 12:23:14.359073,True,1
751,drink coffee,sport,2022-12-05 22:45:48.710226,2022-12-06 17:02:26.523896,True,2
752,drink coffee,art,2022-12-06 03:33:48.710226,2022-12-07 12:10:09.186324,True,1
753,drink coffee,programming,2022-12-06 08:21:48.710226,2022-12-07 12:49:45.278804,True,4
754,brush your teeth,programming,2022-12-06 13:09:48.710226,2022-12-07 17:05:22.372730,True,1
755,nap,sport,2022-12-06 17:57:48.710226,2022-12-07 13:00:34.307267,True,1
756,get dressed,programming,2022-12-06 22:45:48.710226,2022-12-07 13:38:13.386444,True,5
757,count leaves of trees,art,2022-12-07 03:33:48.710226,2022-12-07 23:54:03.819781,True,5
758,produce shitty code,art,2022-12-07 08:21:48.710226,2022-12-08 10:58:22.618627,True,1
759,drink coffee,sport,2022-12-07 13:09:48.710226,2022-12-08 12:39:53.564246,True,5
760,count sand on the beach,sport,2022-12-07 17:57:48.710226,2022-12-08 19:01:00.779743,True,5
761,eat,art,2022-12-07 22:45:48.710226,2022-12-08 19:28:42.706817,True,4
762,buy pants,sport,2022-12-08 03:33:48.710226,2022-12-09 07:01:09.964164,True,4
763,nap,sport,2022-12-08 08:21:48.710226,2022-12-09 00:44:28.317437,True,5
764,eat,art,2022-12-08 13:09:48.710226,2022-12-09 02:56:45.274701,True,3
765,eat,art,2022-12-08 17:57:48.710226,2022-12-10 00:40:08.882133,True,1
766,brush your teeth,programming,2022-12-08 22:45:48.710226,2022-12-09 11:34:31.658286,True,5
767,nap,programming,2022-12-09 03:33:48.710226,2022-12-09 23:29:44.547302,True,1
768,go for a walk,sport,2022-12-09 08:21:48.710226,2022-12-10 07:38:53.401314,True,1
769,get dressed,art,2022-12-09 13:09:48.710226,2022-12-10 04:00:22.503094,True,4
770,count leaves of trees,sport,2022-12-09 17:57:48.710226,2022-12-11 05:05:26.972499,True,4
771,get dressed,sport,2022-12-09 22:45:48.710226,2022-12-11 08:14:53.606017,True,5
772,lay in bed,sport,2022-12-10 03:33:48.710226,2022-12-10 23:31:28.527563,True,1
773,go for a walk,programming,2022-12-10 08:21:48.710226,2022-12-11 13:37:11.293779,True,4
774,buy socks,programming,2022-12-10 13:09:48.710226,2022-12-12 00:01:41.174659,True,2
775,count leaves of trees,sport,2022-12-10 17:57:48.710226,2022-12-11 20:07:08.817512,True,5
776,produce shitty code,programming,2022-12-10 22:45:48.710226,2022-12-11 13:52:17.994596,True,5
777,drink coffee,programming,2022-12-11 03:33:48.710226,2022-12-11 20:17:51.331774,True,1
778,count sand on the beach,sport,2022-12-11 08:21:48.710226,2022-12-12 08:22:12.846923,True,3
779,lay in bed,sport,2022-12-11 13:09:48.710226,2022-12-12 12:57:28.996952,True,5
780,drink coffee,art,2022-12-11 17:57:48.710226,2022-12-13 02:23:18.959237,True,2
781,eat,art,2022-12-11 22:45:48.710226,2022-12-13 05:10:21.323255,True,2
782,nap,sport,2022-12-12 03:33:48.710226,2022-12-13 04:04:01.091406,True,3
783,go for a walk,sport,2022-12-12 08:21:48.710226,2022-12-13 18:55:31.554427,True,5
784,nap,art,2022-12-12 13:09:48.710226,2022-12-13 09:50:15.990546,True,5
785,count leaves of trees,sport,2022-12-12 17:57:48.710226,2022-12-13 21:23:05.138633,True,5
786,eat,programming,2022-12-12 22:45:48.710226,2022-12-14 08:35:11.788730,True,1
787,count leaves of trees,art,2022-12-13 03:33:48.710226,2022-12-14 07:35:58.980986,True,1
788,brush your teeth,programming,2022-12-13 08:21:48.710226,2022-12-14 03:43:26.309803,True,1
789,lay in bed,programming,2022-12-13 13:09:48.710226,2022-12-14 05:17:53.140013,True,4
790,count leaves of trees,programming,2022-12-13 17:57:48.710226,2022-12-14 21:16:25.774446,True,1
791,get dressed,programming,2022-12-13 22:45:48.710226,2022-12-14 22:42:22.870449,True,5
792,buy socks,sport,2022-12-14 03:33:48.710226,2022-12-14 21:57:09.514383,True,3
793,count sand on the beach,art,2022-12-14 08:21:48.710226,2022-12-15 05:34:57.060611,True,1
794,count sand on the beach,programming,2022-12-14 13:09:48.710226,2022-12-15 15:07:18.324882,True,4
795,sleep,programming,2022-12-14 17:57:48.710226,2022-12-16 02:24:03.550152,True,4
796,drink coffee,programming,2022-12-14 22:45:48.710226,2022-12-15 13:03:33.281128,True,1
797,brush your teeth,art,2022-12-15 03:33:48.710226,2022-12-16 10:09:18.126790,True,2
798,drink coffee,sport,2022-12-15 08:21:48.710226,2022-12-16 02:21:42.690257,True,2
799,get dressed,art,2022-12-15 13:09:48.710226,2022-12-16 03:29:15.642527,True,2
800,eat,art,2022-12-15 17:57:48.710226,2022-12-16 06:40:24.816486,True,2
801,produce shitty code,programming,2022-12-15 22:45:48.710226,2022-12-16 23:15:41.602890,True,1
802,brush your teeth,programming,2022-12-16 03:33:48.710226,2022-12-17 11:58:37.342394,True,5
803,sleep,programming,2022-12-16 08:21:48.710226,2022-12-17 03:00:31.134851,True,3
804,go for a walk,sport,2022-12-16 13:09:48.710226,2022-12-17 18:53:50.190327,True,4
805,lay in bed,sport,2022-12-16 17:57:48.710226,2022-12-17 17:23:32.900058,True,3
806,count sand on the beach,art,2022-12-16 22:45:48.710226,2022-12-18 09:27:55.802881,True,1
807,count sand on the beach,art,2022-12-17 03:33:48.710226,2022-12-17 22:05:59.023149,True,5
808,go for a walk,sport,2022-12-17 08:21:48.710226,2022-12-18 06:44:27.986602,True,3
809,count leaves of trees,art,2022-12-17 13:09:48.710226,2022-12-18 04:14:11.805467,True,3
810,produce shitty code,programming,2022-12-17 17:57:48.710226,2022-12-18 18:19:07.826757,True,2
811,drink coffee,sport,2022-12-17 22:45:48.710226,2022-12-19 07:34:57.058307,True,3
812,sleep,art,2022-12-18 03:33:48.710226,2022-12-19 00:09:44.992234,True,2
813,buy pants,art,2022-12-18 08:21:48.710226,2022-12-19 03:32:49.399832,True,1
814,buy pants,programming,2022-12-18 13:09:48.710226,2022-12-19 19:00:34.375634,True,2
815,get dressed,sport,2022-12-18 17:57:48.710226,2022-12-20 05:42:37.889254,True,3
816,nap,programming,2022-12-18 22:45:48.710226,2022-12-20 07:49:01.487569,True,2
817,count leaves of trees,art,2022-12-19 03:33:48.710226,2022-12-20 01:31:52.056021,True,3
818,count leaves of trees,sport,2022-12-19 08:21:48.710226,2022-12-20 16:04:18.359414,True,4
819,go for a walk,art,2022-12-19 13:09:48.710226,2022-12-20 16:11:55.973518,True,5
820,nap,sport,2022-12-19 17:57:48.710226,2022-12-20 23:23:46.165628,True,2
821,nap,programming,2022-12-19 22:45:48.710226,2022-12-20 14:11:27.237460,True,3
822,buy socks,art,2022-12-20 03:33:48.710226,2022-12-21 14:57:25.256476,True,2
823,count leaves of trees,programming,2022-12-20 08:21:48.710226,2022-12-21 14:58:38.622726,True,4
824,nap,programming,2022-12-20 13:09:48.710226,2022-12-21 19:26:10.195691,True,4
825,get dressed,programming,2022-12-20 17:57:48.710226,2022-12-22 00:56:46.545830,True,4
826,lay in bed,programming,2022-12-20 22:45:48.710226,2022-12-21 23:10:13.769294,True,3
827,buy pants,art,2022-12-21 03:33:48.710226,2022-12-22 06:59:36.634427,True,4
828,eat,programming,2022-12-21 08:21:48.710226,2022-12-22 04:07:44.868943,True,1
829,produce shitty code,sport,2022-12-21 13:09:48.710226,2022-12-22 10:21:28.120614,True,3
830,buy socks,programming,2022-12-21 17:57:48.710226,2022-12-22 20:25:12.492474,True,3
831,count leaves of trees,art,2022-12-21 22:45:48.710226,2022-12-23 03:39:49.208423,True,1
832,go for a walk,programming,2022-12-22 03:33:48.710226,2022-12-23 10:14:25.394817,True,3
833,brush your teeth,programming,2022-12-22 08:21:48.710226,2022-12-23 00:48:54.483499,True,5
834,go for a walk,art,2022-12-22 13:09:48.710226,2022-12-23 07:41:06.435982,True,3
835,eat,sport,2022-12-22 17:57:48.710226,2022-12-23 19:36:49.141799,True,2
836,lay in bed,sport,2022-12-22 22:45:48.710226,2022-12-24 03:43:23.535027,True,4
837,buy socks,programming,2022-12-23 03:33:48.710226,2022-12-24 09:45:20.965280,True,4
838,drink coffee,sport,2022-12-23 08:21:48.710226,2022-12-24 06:31:27.402874,True,2
839,get dressed,art,2022-12-23 13:09:48.710226,2022-12-24 19:32:52.208164,True,4
840,eat,programming,2022-12-23 17:57:48.710226,2022-12-24 12:02:19.936964,True,4
841,produce shitty code,sport,2022-12-23 22:45:48.710226,2022-12-24 18:11:48.737415,True,3
842,sleep,art,2022-12-24 03:33:48.710226,2022-12-25 07:10:35.155152,True,1
843,nap,programming,2022-12-24 08:21:48.710226,2022-12-25 14:51:03.001219,True,3
844,eat,sport,2022-12-24 13:09:48.710226,2022-12-25 02:18:43.158634,True,3
845,buy socks,sport,2022-12-24 17:57:48.710226,2022-12-26 01:50:28.672423,True,5
846,buy socks,programming,2022-12-24 22:45:48.710226,2022-12-26 05:33:01.465508,True,1
847,brush your teeth,sport,2022-12-25 03:33:48.710226,2022-12-25 15:58:58.255761,True,3
848,count leaves of trees,sport,2022-12-25 08:21:48.710226,2022-12-26 05:13:58.193517,True,5
849,brush your teeth,art,2022-12-25 13:09:48.710226,2022-12-26 01:35:56.323940,True,1
850,count sand on the beach,sport,2022-12-25 17:57:48.710226,2022-12-26 15:51:34.151035,True,4
851,produce shitty code,art,2022-12-25 22:45:48.710226,2022-12-27 07:58:33.680783,True,1
852,produce shitty code,sport,2022-12-26 03:33:48.710226,2022-12-27 08:18:07.051090,True,5
853,nap,sport,2022-12-26 08:21:48.710226,2022-12-27 19:23:25.870263,True,5
854,nap,programming,2022-12-26 13:09:48.710226,2022-12-27 19:58:30.481744,True,1
855,buy pants,art,2022-12-26 17:57:48.710226,2022-12-27 13:24:32.701218,True,1
856,count leaves of trees,programming,2022-12-26 22:45:48.710226,2022-12-27 18:55:43.796930,True,4
857,get dressed,programming,2022-12-27 03:33:48.710226,2022-12-28 13:23:10.914188,True,5
858,buy pants,art,2022-12-27 08:21:48.710226,2022-12-28 14:37:23.111347,True,1
859,brush your teeth,art,2022-12-27 13:09:48.710226,2022-12-28 20:54:38.615119,True,3
860,get dressed,art,2022-12-27 17:57:48.710226,2022-12-29 05:28:23.413162,True,4
861,brush your teeth,sport,2022-12-27 22:45:48.710226,2022-12-29 01:18:27.200974,True,2
862,go for a walk,art,2022-12-28 03:33:48.710226,2022-12-29 04:01:33.162874,True,2
863,drink coffee,sport,2022-12-28 08:21:48.710226,2022-12-28 20:53:19.639226,True,5
864,lay in bed,programming,2022-12-28 13:09:48.710226,2022-12-29 17:40:49.418046,True,4
865,count sand on the beach,art,2022-12-28 17:57:48.710226,2022-12-29 17:30:50.878751,True,1
866,lay in bed,art,2022-12-28 22:45:48.710226,2022-12-30 00:20:55.844433,True,4
867,get dressed,programming,2022-12-29 03:33:48.710226,2022-12-30 00:10:38.512848,True,1
868,go for a walk,art,2022-12-29 08:21:48.710226,2022-12-30 12:04:53.173131,True,1
869,count leaves of trees,sport,2022-12-29 13:09:48.710226,2022-12-30 16:36:52.154190,True,3
870,buy pants,sport,2022-12-29 17:57:48.710226,2022-12-30 10:40:53.805880,True,5
871,lay in bed,sport,2022-12-29 22:45:48.710226,2022-12-30 11:55:47.414353,True,1
872,go for a walk,art,2022-12-30 03:33:48.710226,2022-12-30 21:52:45.399278,True,2
873,count leaves of trees,sport,2022-12-30 08:21:48.710226,2022-12-31 09:19:37.075087,True,4
874,count leaves of trees,programming,2022-12-30 13:09:48.710226,2022-12-31 11:10:27.368870,True,3
875,count leaves of trees,programming,2022-12-30 17:57:48.710226,2022-12-31 08:26:27.390774,True,5
876,nap,art,2022-12-30 22:45:48.710226,2023-01-01 03:28:00.977074,True,3
877,buy socks,sport,2022-12-31 03:33:48.710226,2022-12-31 22:15:22.759153,True,2
878,brush your teeth,sport,2022-12-31 08:21:48.710226,2023-01-01 11:31:18.846074,True,4
879,count leaves of trees,programming,2022-12-31 13:09:48.710226,2023-01-01 20:26:12.330309,True,2
880,produce shitty code,sport,2022-12-31 17:57:48.710226,2023-01-01 06:40:48.151690,True,3
881,nap,art,2022-12-31 22:45:48.710226,2023-01-02 08:27:40.187551,True,2
882,eat,art,2023-01-01 03:33:48.710226,2023-01-02 05:30:39.118259,True,2
883,count leaves of trees,sport,2023-01-01 08:21:48.710226,2023-01-02 06:27:47.503700,True,5
884,nap,art,2023-01-01 13:09:48.710226,2023-01-02 15:54:21.841031,True,2
885,brush your teeth,art,2023-01-01 17:57:48.710226,2023-01-03 00:33:42.000107,True,5
886,go for a walk,programming,2023-01-01 22:45:48.710226,2023-01-03 03:49:55.046737,True,1
887,buy pants,sport,2023-01-02 03:33:48.710226,2023-01-02 19:16:50.476129,True,5
888,buy socks,sport,2023-01-02 08:21:48.710226,2023-01-02 21:57:08.927292,True,3
889,buy pants,art,2023-01-02 13:09:48.710226,2023-01-03 11:02:18.705987,True,4
890,buy socks,sport,2023-01-02 17:57:48.710226,2023-01-03 14:46:40.478453,True,3
891,count leaves of trees,sport,2023-01-02 22:45:48.710226,2023-01-03 21:58:42.456468,True,1
892,get dressed,sport,2023-01-03 03:33:48.710226,2023-01-03 20:07:00.636060,True,2
893,eat,art,2023-01-03 08:21:48.710226,2023-01-04 14:31:08.265981,True,5
894,get dressed,sport,2023-01-03 13:09:48.710226,2023-01-04 13:34:52.196092,True,3
895,count leaves of trees,art,2023-01-03 17:57:48.710226,2023-01-05 02:37:10.505759,True,1
896,drink coffee,programming,2023-01-03 22:45:48.710226,2023-01-05 03:51:56.841300,True,4
897,eat,programming,2023-01-04 03:33:48.710226,2023-01-04 18:05:36.839002,True,1
898,count sand on the beach,sport,2023-01-04 08:21:48.710226,2023-01-05 19:14:59.809717,True,1
899,nap,programming,2023-01-04 13:09:48.710226,2023-01-05 20:07:46.396267,True,4
900,buy socks,art,2023-01-04 17:57:48.710226,2023-01-05 10:12:34.721783,True,1
901,buy pants,art,2023-01-04 22:45:48.710226,2023-01-06 05:05:11.363857,True,3
902,brush your teeth,art,2023-01-05 03:33:48.710226,2023-01-06 12:02:02.970661,True,5
903,buy socks,sport,2023-01-05 08:21:48.710226,2023-01-05 22:18:31.756984,True,1
904,produce shitty code,sport,2023-01-05 13:09:48.710226,2023-01-06 20:13:24.801272,True,4
905,buy pants,art,2023-01-05 17:57:48.710226,2023-01-07 00:31:03.510297,True,4
906,go for a walk,programming,2023-01-05 22:45:48.710226,2023-01-07 04:40:07.070791,True,5
907,brush your teeth,art,2023-01-06 03:33:48.710226,2023-01-06 16:53:17.072337,True,2
908,sleep,programming,2023-01-06 08:21:48.710226,2023-01-06 22:29:09.706152,True,4
909,eat,programming,2023-01-06 13:09:48.710226,2023-01-07 14:38:04.956704,True,3
910,lay in bed,sport,2023-01-06 17:57:48.710226,2023-01-08 03:18:26.058207,True,4
911,nap,programming,2023-01-06 22:45:48.710226,2023-01-07 15:03:26.160729,True,4
912,go for a walk,programming,2023-01-07 03:33:48.710226,2023-01-07 16:04:13.694143,True,4
913,get dressed,programming,2023-01-07 08:21:48.710226,2023-01-08 18:21:19.201698,True,3
914,go for a walk,art,2023-01-07 13:09:48.710226,2023-01-08 21:41:07.130227,True,5
915,get dressed,art,2023-01-07 17:57:48.710226,2023-01-08 15:55:35.698027,True,4
916,drink coffee,sport,2023-01-07 22:45:48.710226,2023-01-08 18:24:25.788952,True,3
917,count leaves of trees,sport,2023-01-08 03:33:48.710226,2023-01-09 02:40:17.952119,True,5
918,buy pants,sport,2023-01-08 08:21:48.710226,2023-01-09 06:42:49.259797,True,4
919,lay in bed,programming,2023-01-08 13:09:48.710226,2023-01-09 07:34:25.320808,True,3
920,produce shitty code,art,2023-01-08 17:57:48.710226,2023-01-10 00:10:35.388190,True,2
921,go for a walk,art,2023-01-08 22:45:48.710226,2023-01-09 13:09:37.814350,True,4
922,brush your teeth,sport,2023-01-09 03:33:48.710226,2023-01-10 15:14:28.849725,True,2
923,produce shitty code,programming,2023-01-09 08:21:48.710226,2023-01-10 04:28:35.955760,True,5
924,lay in bed,art,2023-01-09 13:09:48.710226,2023-01-10 20:39:29.402058,True,3
925,sleep,programming,2023-01-09 17:57:48.710226,2023-01-10 12:23:39.436991,True,1
926,count leaves of trees,programming,2023-01-09 22:45:48.710226,2023-01-10 22:26:20.457913,True,2
927,sleep,programming,2023-01-10 03:33:48.710226,2023-01-10 15:57:37.745761,True,3
928,drink coffee,programming,2023-01-10 08:21:48.710226,2023-01-11 05:50:32.300146,True,4
929,get dressed,sport,2023-01-10 13:09:48.710226,2023-01-11 13:03:11.367981,True,3
930,eat,sport,2023-01-10 17:57:48.710226,2023-01-11 15:18:34.047397,True,4
931,buy pants,art,2023-01-10 22:45:48.710226,2023-01-12 03:20:37.471058,True,3
932,count sand on the beach,sport,2023-01-11 03:33:48.710226,2023-01-11 19:39:29.377576,True,3
933,go for a walk,programming,2023-01-11 08:21:48.710226,2023-01-12 15:37:05.220030,True,2
934,lay in bed,programming,2023-01-11 13:09:48.710226,2023-01-12 09:17:14.717810,True,5
935,count sand on the beach,programming,2023-01-11 17:57:48.710226,2023-01-12 07:32:22.284734,True,3
936,go for a walk,programming,2023-01-11 22:45:48.710226,2023-01-12 22:04:47.288388,True,3
937,lay in bed,programming,2023-01-12 03:33:48.710226,2023-01-13 10:20:40.065226,True,4
938,buy pants,art,2023-01-12 08:21:48.710226,2023-01-13 07:23:15.750398,True,4
939,get dressed,sport,2023-01-12 13:09:48.710226,2023-01-14 00:54:41.989550,True,3
940,buy pants,sport,2023-01-12 17:57:48.710226,2023-01-13 16:01:33.334729,True,5
941,produce shitty code,sport,2023-01-12 22:45:48.710226,2023-01-13 22:07:13.167286,True,3
942,count leaves of trees,art,2023-01-13 03:33:48.710226,2023-01-13 16:06:52.585769,True,4
943,drink coffee,art,2023-01-13 08:21:48.710226,2023-01-14 07:00:12.433401,True,5
944,sleep,programming,2023-01-13 13:09:48.710226,2023-01-15 00:12:54.209662,True,1
945,eat,art,2023-01-13 17:57:48.710226,2023-01-14 15:34:28.519417,True,4
946,produce shitty code,sport,2023-01-13 22:45:48.710226,2023-01-14 23:39:38.713405,True,3
947,produce shitty code,programming,2023-01-14 03:33:48.710226,2023-01-14 22:12:46.504827,True,5
948,eat,sport,2023-01-14 08:21:48.710226,2023-01-15 10:29:29.351206,True,5
949,sleep,programming,2023-01-14 13:09:48.710226,2023-01-15 03:21:26.584176,True,4
950,count leaves of trees,sport,2023-01-14 17:57:48.710226,2023-01-15 13:52:02.733962,True,2
951,produce shitty code,art,2023-01-14 22:45:48.710226,2023-01-15 12:07:00.933278,True,5
952,lay in bed,programming,2023-01-15 03:33:48.710226,2023-01-16 02:03:33.261790,True,5
953,lay in bed,programming,2023-01-15 08:21:48.710226,2023-01-16 15:04:25.485136,True,4
954,buy pants,sport,2023-01-15 13:09:48.710226,2023-01-16 22:17:09.072209,True,2
955,count leaves of trees,sport,2023-01-15 17:57:48.710226,2023-01-16 23:05:22.756797,True,3
956,buy pants,art,2023-01-15 22:45:48.710226,2023-01-16 12:08:23.127274,True,3
957,nap,art,2023-01-16 03:33:48.710226,2023-01-17 14:23:57.790080,True,2
958,eat,art,2023-01-16 08:21:48.710226,2023-01-16 23:52:07.750554,True,1
959,get dressed,sport,2023-01-16 13:09:48.710226,2023-01-17 14:54:48.899398,True,4
960,get dressed,art,2023-01-16 17:57:48.710226,2023-01-17 23:12:06.846611,True,2
961,produce shitty code,sport,2023-01-16 22:45:48.710226,2023-01-17 22:43:36.265696,True,3
962,sleep,sport,2023-01-17 03:33:48.710226,2023-01-18 14:04:00.791193,True,2
963,lay in bed,art,2023-01-17 08:21:48.710226,2023-01-18 15:50:00.014504,True,5
964,sleep,sport,2023-01-17 13:09:48.710226,2023-01-18 19:21:59.751190,True,4
965,lay in bed,programming,2023-01-17 17:57:48.710226,2023-01-18 20:38:12.065020,True,5
966,eat,programming,2023-01-17 22:45:48.710226,2023-01-18 23:29:00.558511,True,3
967,go for a walk,sport,2023-01-18 03:33:48.710226,2023-01-18 21:43:38.513757,True,3
968,go for a walk,programming,2023-01-18 08:21:48.710226,2023-01-19 02:08:25.382622,True,1
969,count leaves of trees,programming,2023-01-18 13:09:48.710226,2023-01-19 11:50:50.703000,True,4
970,lay in bed,programming,2023-01-18 17:57:48.710226,2023-01-19 12:02:46.200854,True,1
971,lay in bed,sport,2023-01-18 22:45:48.710226,2023-01-19 13:16:10.877587,True,2
972,sleep,art,2023-01-19 03:33:48.710226,2023-01-19 18:49:24.944154,True,1
973,sleep,programming,2023-01-19 08:21:48.710226,2023-01-19 21:27:11.089320,True,5
974,go for a walk,programming,2023-01-19 13:09:48.710226,2023-01-20 23:55:03.638582,True,3
975,lay in bed,art,2023-01-19 17:57:48.710226,2023-01-20 15:08:45.413243,True,2
976,drink coffee,art,2023-01-19 22:45:48.710226,2023-01-20 12:30:22.354245,True,3
977,produce shitty code,art,2023-01-20 03:33:48.710226,2023-01-21 00:46:21.580655,True,2
978,brush your teeth,sport,2023-01-20 08:21:48.710226,2023-01-21 15:54:56.966495,True,3
979,drink coffee,sport,2023-01-20 13:09:48.710226,2023-01-21 21:41:54.232683,True,1
980,lay in bed,art,2023-01-20 17:57:48.710226,2023-01-21 13:48:54.867714,True,1
981,nap,programming,2023-01-20 22:45:48.710226,2023-01-21 21:54:59.447634,True,5
982,buy pants,programming,2023-01-21 03:33:48.710226,2023-01-22 06:44:00.084877,True,1
983,produce shitty code,programming,2023-01-21 08:21:48.710226,2023-01-22 15:08:42.557740,True,5
984,sleep,programming,2023-01-21 13:09:48.710226,2023-01-22 03:41:57.877455,True,3
985,buy socks,art,2023-01-21 17:57:48.710226,2023-01-23 04:47:21.092896,True,4
986,drink coffee,sport,2023-01-21 22:45:48.710226,2023-01-22 16:49:36.268548,True,4
987,nap,sport,2023-01-22 03:33:48.710226,2023-01-23 07:35:43.038827,True,5
988,brush your teeth,programming,2023-01-22 08:21:48.710226,2023-01-23 06:18:54.005513,True,2
989,buy socks,art,2023-01-22 13:09:48.710226,2023-01-23 07:45:56.929517,True,2
990,buy pants,art,2023-01-22 17:57:48.710226,2023-01-23 17:29:30.364070,True,5
991,go for a walk,art,2023-01-22 22:45:48.710226,2023-01-24 00:13:17.613887,True,1
992,produce shitty code,sport,2023-01-23 03:33:48.710226,2023-01-24 13:28:07.180106,True,4
993,brush your teeth,sport,2023-01-23 08:21:48.710226,2023-01-24 11:50:36.527297,True,5
994,drink coffee,art,2023-01-23 13:09:48.710226,2023-01-24 19:50:24.410492,True,1
995,produce shitty code,art,2023-01-23 17:57:48.710226,2023-01-24 20:17:25.316802,True,1
996,buy socks,art,2023-01-23 22:45:48.710226,2023-01-24 22:51:59.815924,True,1
997,brush your teeth,programming,2023-01-24 03:33:48.710226,2023-01-25 05:29:40.293163,True,5
998,buy socks,sport,2023-01-24 08:21:48.710226,2023-01-25 04:56:19.689011,True,2
999,buy pants,art,2023-01-24 13:09:48.710226,2023-01-25 05:35:32.579525,True,1
1000,drink coffee,programming,2023-01-24 17:57:48.710226,2023-01-25 15:10:43.194459,True,3
1001,brush your teeth,programming,2023-01-24 22:45:48.710226,2023-01-26 10:18:45.338687,True,3
1002,buy socks,art,2023-01-25 03:33:48.710226,2023-01-26 03:00:40.047239,True,1
1003,go for a walk,art,2023-01-25 08:21:48.710226,2023-01-26 03:27:31.002205,True,5
1004,count leaves of trees,art,2023-01-25 13:09:48.710226,2023-01-26 06:27:28.743848,True,4
1005,sleep,programming,2023-01-25 17:57:48.710226,2023-01-26 12:56:57.975712,True,5
1006,get dressed,programming,2023-01-25 22:45:48.710226,2023-01-27 10:05:10.652146,True,4
1007,drink coffee,programming,2023-01-26 03:33:48.710226,2023-01-27 09:29:35.302383,True,1
1008,nap,sport,2023-01-26 08:21:48.710226,2023-01-26 22:42:13.427940,True,4
1009,nap,art,2023-01-26 13:09:48.710226,2023-01-27 23:55:14.051343,True,3
1010,brush your teeth,sport,2023-01-26 17:57:48.710226,2023-01-27 10:44:00.676835,True,5
1011,buy socks,art,2023-01-26 22:45:48.710226,2023-01-27 13:57:21.140428,True,4
1012,produce shitty code,programming,2023-01-27 03:33:48.710226,2023-01-28 08:03:55.694154,True,3
1013,drink coffee,sport,2023-01-27 08:21:48.710226,2023-01-28 03:36:28.704984,True,5
1014,lay in bed,programming,2023-01-27 13:09:48.710226,2023-01-28 17:51:41.850628,True,2
1015,buy socks,programming,2023-01-27 17:57:48.710226,2023-01-28 14:39:30.140531,True,3
1016,lay in bed,sport,2023-01-27 22:45:48.710226,2023-01-28 13:02:33.587005,True,5
1017,get dressed,art,2023-01-28 03:33:48.710226,2023-01-28 16:11:40.411451,True,5
1018,sleep,programming,2023-01-28 08:21:48.710226,2023-01-29 06:23:40.640318,True,3
1019,lay in bed,programming,2023-01-28 13:09:48.710226,2023-01-29 20:51:23.301679,True,3
1020,count leaves of trees,programming,2023-01-28 17:57:48.710226,2023-01-30 00:36:30.378526,True,2
1021,buy socks,sport,2023-01-28 22:45:48.710226,2023-01-29 14:26:26.173455,True,1
1022,get dressed,programming,2023-01-29 03:33:48.710226,2023-01-29 18:55:28.167368,True,2
1023,produce shitty code,art,2023-01-29 08:21:48.710226,2023-01-30 03:31:10.760967,True,2
1024,nap,programming,2023-01-29 13:09:48.710226,2023-01-30 23:21:17.425633,True,3
1025,buy pants,programming,2023-01-29 17:57:48.710226,2023-01-31 00:06:55.628018,True,1
1026,brush your teeth,art,2023-01-29 22:45:48.710226,2023-01-31 07:18:57.405420,True,1
1027,brush your teeth,art,2023-01-30 03:33:48.710226,2023-01-31 06:00:11.136095,True,5
1028,go for a walk,sport,2023-01-30 08:21:48.710226,2023-01-31 05:54:57.600612,True,1
1029,sleep,sport,2023-01-30 13:09:48.710226,2023-01-31 11:21:11.406540,True,1
1030,count leaves of trees,sport,2023-01-30 17:57:48.710226,2023-02-01 03:00:34.969687,True,4
1031,eat,art,2023-01-30 22:45:48.710226,2023-01-31 14:19:53.330405,True,5
1032,count leaves of trees,art,2023-01-31 03:33:48.710226,2023-02-01 14:18:15.006152,True,3
1033,nap,art,2023-01-31 08:21:48.710226,2023-02-01 19:34:02.356866,True,5
1034,nap,art,2023-01-31 13:09:48.710226,2023-02-01 14:43:49.694102,True,5
1035,sleep,programming,2023-01-31 17:57:48.710226,2023-02-01 18:13:42.105751,True,3
1036,get dressed,art,2023-01-31 22:45:48.710226,2023-02-01 13:24:28.655021,True,5
1037,eat,sport,2023-02-01 03:33:48.710226,2023-02-01 18:21:59.705369,True,2
1038,nap,programming,2023-02-01 08:21:48.710226,2023-02-02 02:18:49.895808,True,1
1039,brush your teeth,art,2023-02-01 13:09:48.710226,2023-02-02 14:48:54.712585,True,3
1040,produce shitty code,sport,2023-02-01 17:57:48.710226,2023-02-03 02:18:54.689257,True,2
1041,count leaves of trees,art,2023-02-01 22:45:48.710226,2023-02-02 18:45:41.225541,True,2
1042,lay in bed,sport,2023-02-02 03:33:48.710226,2023-02-03 10:21:19.967112,True,1
1043,sleep,programming,2023-02-02 08:21:48.710226,2023-02-03 11:55:16.123177,True,3
1044,brush your teeth,art,2023-02-02 13:09:48.710226,2023-02-03 05:23:33.344381,True,3
1045,buy socks,art,2023-02-02 17:57:48.710226,2023-02-03 08:29:39.813923,True,2
1046,buy socks,programming,2023-02-02 22:45:48.710226,2023-02-04 00:20:20.343501,True,2
1047,get dressed,sport,2023-02-03 03:33:48.710226,2023-02-04 07:51:45.635725,True,2
1048,brush your teeth,sport,2023-02-03 08:21:48.710226,2023-02-03 23:00:01.245158,True,4
1049,buy socks,art,2023-02-03 13:09:48.710226,2023-02-04 16:02:59.033696,True,4
1050,buy socks,programming,2023-02-03 17:57:48.710226,2023-02-04 07:48:15.504875,True,5
1051,eat,sport,2023-02-03 22:45:48.710226,2023-02-05 04:54:11.130589,True,5
1052,drink coffee,art,2023-02-04 03:33:48.710226,2023-02-04 19:58:20.227055,True,5
1053,go for a walk,sport,2023-02-04 08:21:48.710226,2023-02-04 21:23:37.676791,True,1
1054,brush your teeth,programming,2023-02-04 13:09:48.710226,2023-02-05 23:56:45.448183,True,3
1055,go for a walk,art,2023-02-04 17:57:48.710226,2023-02-05 06:11:23.126957,True,2
1056,get dressed,sport,2023-02-04 22:45:48.710226,2023-02-05 22:15:03.553877,True,2
1057,brush your teeth,programming,2023-02-05 03:33:48.710226,2023-02-06 01:18:02.188084,True,3
1058,count leaves of trees,programming,2023-02-05 08:21:48.710226,2023-02-06 17:16:13.259700,True,2
1059,go for a walk,art,2023-02-05 13:09:48.710226,2023-02-06 04:31:27.082669,True,4
1060,drink coffee,sport,2023-02-05 17:57:48.710226,2023-02-07 03:41:45.984616,True,5
1061,buy pants,art,2023-02-05 22:45:48.710226,2023-02-06 15:26:07.421066,True,5
1062,drink coffee,art,2023-02-06 03:33:48.710226,2023-02-06 22:15:35.430979,True,2
1063,get dressed,programming,2023-02-06 08:21:48.710226,2023-02-07 16:03:14.520167,True,4
1064,sleep,programming,2023-02-06 13:09:48.710226,2023-02-07 17:15:12.327506,True,3
1065,produce shitty code,sport,2023-02-06 17:57:48.710226,2023-02-08 04:46:21.715819,True,4
1066,eat,art,2023-02-06 22:45:48.710226,2023-02-08 01:23:13.240377,True,3
1067,sleep,art,2023-02-07 03:33:48.710226,2023-02-07 22:24:08.348935,True,4
1068,lay in bed,art,2023-02-07 08:21:48.710226,2023-02-08 07:20:08.076080,True,2
1069,brush your teeth,programming,2023-02-07 13:09:48.710226,2023-02-08 08:12:38.890307,True,2
1070,drink coffee,programming,2023-02-07 17:57:48.710226,2023-02-08 15:19:16.375624,True,1
1071,brush your teeth,sport,2023-02-07 22:45:48.710226,2023-02-08 21:48:32.496149,True,4
1072,get dressed,art,2023-02-08 03:33:48.710226,2023-02-09 10:22:38.346073,True,1
1073,drink coffee,programming,2023-02-08 08:21:48.710226,2023-02-09 19:32:21.184010,True,3
1074,eat,sport,2023-02-08 13:09:48.710226,2023-02-09 09:44:27.642643,True,5
1075,count sand on the beach,sport,2023-02-08 17:57:48.710226,2023-02-09 22:22:42.453192,True,5
1076,nap,programming,2023-02-08 22:45:48.710226,2023-02-09 11:17:27.676884,True,1
1077,sleep,sport,2023-02-09 03:33:48.710226,2023-02-10 11:20:39.845024,True,5
1078,drink coffee,programming,2023-02-09 08:21:48.710226,2023-02-09 23:50:09.039712,True,4
1079,buy pants,art,2023-02-09 13:09:48.710226,2023-02-10 20:45:08.546929,True,5
1080,lay in bed,art,2023-02-09 17:57:48.710226,2023-02-11 01:52:51.260274,True,3
1081,buy pants,sport,2023-02-09 22:45:48.710226,2023-02-10 11:22:25.202199,True,4
1082,count sand on the beach,sport,2023-02-10 03:33:48.710226,2023-02-10 17:54:50.400316,True,2
1083,sleep,programming,2023-02-10 08:21:48.710226,2023-02-11 12:50:58.423441,True,4
1084,drink coffee,art,2023-02-10 13:09:48.710226,2023-02-11 12:09:25.554070,True,4
1085,buy socks,sport,2023-02-10 17:57:48.710226,2023-02-11 19:17:36.149119,True,3
1086,drink coffee,programming,2023-02-10 22:45:48.710226,2023-02-11 14:38:44.434572,True,1
1087,nap,art,2023-02-11 03:33:48.710226,2023-02-12 02:23:40.518564,True,3
1088,buy socks,programming,2023-02-11 08:21:48.710226,2023-02-11 23:30:23.603165,True,1
1089,produce shitty code,art,2023-02-11 13:09:48.710226,2023-02-12 13:14:59.208845,True,4
1090,lay in bed,sport,2023-02-11 17:57:48.710226,2023-02-12 06:52:14.891982,True,2
1091,sleep,programming,2023-02-11 22:45:48.710226,2023-02-13 08:46:03.165835,True,2
1092,drink coffee,art,2023-02-12 03:33:48.710226,2023-02-12 19:37:10.967212,True,2
1093,buy socks,art,2023-02-12 08:21:48.710226,2023-02-13 07:31:56.832278,True,4
1094,produce shitty code,art,2023-02-12 13:09:48.710226,2023-02-13 10:20:46.453275,True,5
1095,buy socks,sport,2023-02-12 17:57:48.710226,2023-02-13 15:02:58.348441,True,5
1096,get dressed,sport,2023-02-12 22:45:48.710226,2023-02-13 18:04:20.299363,True,5
1097,brush your teeth,art,2023-02-13 03:33:48.710226,2023-02-14 03:01:22.114509,True,5
1098,sleep,sport,2023-02-13 08:21:48.710226,2023-02-14 09:22:25.995039,True,3
1099,nap,art,2023-02-13 13:09:48.710226,2023-02-14 22:55:33.350318,True,1
1100,buy pants,sport,2023-02-13 17:57:48.710226,2023-02-14 06:56:14.545751,True,4
1101,get dressed,programming,2023-02-13 22:45:48.710226,2023-02-15 00:36:37.518339,True,1
1102,go for a walk,sport,2023-02-14 03:33:48.710226,2023-02-15 08:23:16.405025,True,4
1103,count leaves of trees,art,2023-02-14 08:21:48.710226,2023-02-15 07:42:41.882069,True,4
1104,get dressed,sport,2023-02-14 13:09:48.710226,2023-02-15 02:42:33.501817,True,4
1105,go for a walk,programming,2023-02-14 17:57:48.710226,2023-02-15 07:14:30.913139,True,3
1106,sleep,sport,2023-02-14 22:45:48.710226,2023-02-15 20:05:02.253858,True,2
1107,nap,art,2023-02-15 03:33:48.710226,2023-02-16 11:06:00.362700,True,3
1108,drink coffee,programming,2023-02-15 08:21:48.710226,2023-02-16 16:51:52.758955,True,3
1109,count sand on the beach,programming,2023-02-15 13:09:48.710226,2023-02-16 01:37:40.621306,True,3
1110,eat,sport,2023-02-15 17:57:48.710226,2023-02-17 02:54:32.993602,True,1
1111,get dressed,sport,2023-02-15 22:45:48.710226,2023-02-17 03:12:01.187259,True,2
1112,buy socks,art,2023-02-16 03:33:48.710226,2023-02-17 02:55:38.747747,True,2
1113,count sand on the beach,art,2023-02-16 08:21:48.710226,2023-02-17 10:17:32.237278,True,1
1114,buy socks,sport,2023-02-16 13:09:48.710226,2023-02-17 01:52:09.804650,True,1
1115,nap,sport,2023-02-16 17:57:48.710226,2023-02-17 09:51:12.526859,True,5
1116,buy pants,programming,2023-02-16 22:45:48.710226,2023-02-17 11:09:58.170754,True,5
1117,eat,programming,2023-02-17 03:33:48.710226,2023-02-18 07:09:53.839142,True,3
1118,drink coffee,sport,2023-02-17 08:21:48.710226,2023-02-18 04:09:13.681428,True,5
1119,sleep,sport,2023-02-17 13:09:48.710226,2023-02-18 21:54:44.967350,True,1
1120,lay in bed,programming,2023-02-17 17:57:48.710226,2023-02-18 12:27:29.670499,True,4
1121,go for a walk,art,2023-02-17 22:45:48.710226,2023-02-19 09:09:18.229897,True,4
1122,count sand on the beach,sport,2023-02-18 03:33:48.710226,2023-02-18 18:36:36.180264,True,3
1123,brush your teeth,sport,2023-02-18 08:21:48.710226,2023-02-19 09:49:46.994282,True,3
1124,produce shitty code,sport,2023-02-18 13:09:48.710226,2023-02-19 10:46:58.809705,True,4
1125,get dressed,sport,2023-02-18 17:57:48.710226,2023-02-20 04:54:07.278771,True,2
1126,lay in bed,programming,2023-02-18 22:45:48.710226,2023-02-19 14:13:09.254961,True,5
1127,get dressed,art,2023-02-19 03:33:48.710226,2023-02-20 13:41:55.159390,True,2
1128,count sand on the beach,programming,2023-02-19 08:21:48.710226,2023-02-20 01:05:57.930831,True,2
1129,sleep,art,2023-02-19 13:09:48.710226,2023-02-20 21:25:15.217568,True,2
1130,eat,sport,2023-02-19 17:57:48.710226,2023-02-20 10:15:50.685368,True,5
1131,buy socks,art,2023-02-19 22:45:48.710226,2023-02-20 13:20:58.707482,True,3
1132,buy socks,programming,2023-02-20 03:33:48.710226,2023-02-20 17:46:29.657005,True,2
1133,go for a walk,programming,2023-02-20 08:21:48.710226,2023-02-21 04:13:43.676353,True,1
1134,count leaves of trees,programming,2023-02-20 13:09:48.710226,2023-02-21 11:30:04.150703,True,2
1135,drink coffee,programming,2023-02-20 17:57:48.710226,2023-02-22 03:01:12.027002,True,5
1136,buy socks,art,2023-02-20 22:45:48.710226,2023-02-22 05:17:50.278293,True,2
1137,buy socks,sport,2023-02-21 03:33:48.710226,2023-02-22 12:13:42.726314,True,5
